"y","y1","x1","x2","x3","x4","x5","x7","x10","x11","x12","x13","x14","x15","x16","x17","x18","x19","x20","x21","x23","x24","x25","x26","x27","x28","x30"
"2016/1/15",4380,29.42,28.94,370,-47.12009463,-14.08,-1313.201615,312.1794872,-173.8,26.2,186.2,211.2,90,111.2,70.7,66.4,18,57,49,70.3,15.3,21,7.2,60.1,7,8.72712
"2016/1/22",4500,32.19,32.18,370,-83.91723913,-30.6,-1019.377832,312.1794872,-274.8,-34.8,60.2,95.2,75,10.2,68.4,65.9,18,48,38,64.6,15.6,21.7,7.8,60.6,7.7,8.90368
"2016/1/29",4715,33.62,34.74,375,-226.8768065,-43.4,-637.3231342,397.6495726,-256.5,-6.5,-1.5,13.5,55,33.5,65.7,60.3,15,9,7,60,14.1,21.8,7.8,51.6,7.6,9.24
"2016/2/5",4710,30.89,34.06,380,-214.9408562,-46.42,-470.3440093,397.6495726,-246.2,3.8,8.8,23.8,55,43.8,65.7,60.3,15,9,7,60,14.1,21.8,7.8,51.6,6.9,8.91
"2016/2/12",4710,29.44,33.36,380,-180.4404622,-42.46,-466.3399092,372.6495726,-246.2,3.8,8.8,23.8,55,43.8,62.5,60.3,15,9,7,60,14.1,21.8,7.8,51.6,7.3,7.6875
"2016/2/19",5075,29.64,33.01,380,-72.41137019,-34.74,-261.4894697,408.1196581,-377.8,-127.8,-142.8,-132.8,95,-127.8,63.5,59.8,15,23,37,53.9,18.4,30,16.5,79.7,7.4,6.9014
"2016/2/26",5200,32.78,35.1,380,-183.3700069,-28.68,-475.3848818,472.2222222,-298,-23,-33,-28,80,-68,69.9,67.6,20,61,63,60.8,18.1,29.6,17.5,79.8,9,7.4624
"2016/3/4",5555,35.92,38.72,385,-87.95376379,-31.5,-589.9627893,618.1623932,-420.8,-45.8,-170.8,-95.8,255,-205.8,74.3,74,30,76,74,65.4,17,28.6,15.5,69.7,8.3,7.6719
"2016/3/11",5550,38.5,40.39,390,-134.6015931,-30.72,-855.1374242,867.3076923,-90.6,234.4,419.4,484.4,135,384.4,78,78.9,36,82,79,69.2,13.2,25.2,10.1,53.5,7.7,9.52072
"2016/3/18",5710,39.44,41.2,390,-70.64338055,-30.64,-870.4833619,792.3076923,-231,94,254,324,160,184,80.7,80.7,39,82,79,69,13.7,25,9.9,54.5,11.1,9.5328
"2016/3/25",5490,39.46,40.44,390,-261.6158325,-39.93,-1133.109973,706.8376068,-144.4,280.6,205.6,365.6,340,245.6,82.86,81.4,39,82,79,79,16.6,26.3,12.2,62.1,10.6,10.1844
"2016/4/1",5520,36.79,38.67,390,-31.54772029,-25.21,-1054.780449,706.8376068,-356.7,168.3,-201.7,-61.7,410,-161.7,84.26,85.4,39,81,78,80.2,17.3,25.8,11.7,62.7,10,9.4304
"2016/4/8",5165,39.72,41.94,390,-85.21941009,-14.73,-1401.233121,714.1025641,-126.9,323.1,-76.9,148.1,410,23.1,84.47,86.3,39,81,77,79.4,18.2,25.8,12,65.3,8,9.8136
"2016/4/15",5265,40.36,43.1,390,35.60277771,-5.03,-1313.329711,820.9401709,-169.2,230.8,-124.2,40.8,305,-4.2,84.64,86.5,39,81,77,80.4,15.3,24.1,10.5,54.9,7.4,10.14
"2016/4/22",5340,43.73,45.11,390,53.7948881,-3.61,-1192.694395,885.042735,-192.8,182.2,-212.8,-12.8,370,-7.8,85.24,88.4,39,80,76,81.2,15.2,24,9.3,51.6,7.2,10.6625
"2016/4/29",5210,45.92,48.13,390,91.76513055,-22.17,-1297.086371,1009.615385,-59.6,140.4,-134.6,90.4,395,-9.6,84.8,88.4,41,79,72,79.4,15.6,22.9,10.5,53.2,7.2,11.024
"2016/5/6",5120,44.66,45.37,390,13.14730965,-15.03,-1428.858929,941.8803419,88.7,238.7,-121.3,138.7,450,98.7,84.7,88.2,41,78,71,79.4,18,24,13.1,60.7,6.3,10.42056
"2016/5/13",5005,46.21,47.83,390,-126.2733761,-21.73,-1503.978787,813.6752137,115.4,265.4,-24.6,205.4,460,165.4,84.5,88.2,41,78,71,79.3,17.6,23.5,13,61.3,4.7,9.8865
"2016/5/20",5000,47.75,48.72,390,-181.339778,-25.69,-1488.306629,863.6752137,121.4,271.4,21.4,211.4,320,151.4,85.3,88.2,41,76,69,79.7,17.3,23.4,14.4,61,7.7,9.5424
"2016/5/27",4875,49.33,49.32,390,-203.6676678,-24.09,-1289.664932,735.4700855,74.1,224.1,-110.9,204.1,470,144.1,85.1,87.9,37,76,69,76.1,17.9,24.2,15.9,66.1,8.7,10.3213
"2016/6/3",4895,48.26,49.64,390,-220.3850329,-18.29,-1074.976675,696.3675214,-93.7,156.3,-233.7,141.3,400,26.3,83.7,85.3,37,76,69,78.9,17.1,24.4,14,63.5,8.1,9.42816
"2016/6/10",4920,49.07,50.54,390,-274.9964498,-34.83,-993.1555878,734.1025641,-82.3,117.7,-152.3,137.7,320,47.7,83,84.3,37,74,68,78.5,17,23.5,14,64.5,9.1,9.2598
"2016/6/17",4893,47.98,49.17,400,-211.2331115,-17.95,-1060.178358,695.6410256,-105.22,64.78,-165.22,144.78,365,29.78,83.1,85.6,37,73,68,75.7,16.5,23.1,13.1,63.4,10.7,8.95968
"2016/6/24",5010,47.64,48.41,400,-236.4924443,-15.87,-1135.845154,712.7350427,-159.4,-59.4,-144.4,170.6,280,-24.4,82.3,85,37,74,71,74.6,16.5,23,11.8,62.5,10.8,9.3708
"2016/7/1",5160,48.99,50.35,400,-203.9823047,-26.53,-1197.808228,829.5726496,-149.9,-74.9,-104.9,145.1,200,-79.9,82.5,85,39,74,71,76.3,14.2,22.8,10.8,56.5,9.9,8.81038
"2016/7/8",5085,45.41,46.76,415,-347.9658183,-27.21,-1351.349201,893.6752137,62.4,112.4,192.4,402.4,190,192.4,82.5,85,39,75,72,76.3,12.6,20.3,9.5,47.6,8.2,8.58
"2016/7/15",5130,45.95,47.61,420,-305.280886,-29.55,-1309.594976,915.042735,37.7,-12.3,182.7,372.7,225,122.7,82.5,85.4,39,73,70,76.3,13.9,19.2,9.7,49.3,7.9,8.91
"2016/7/22",5085,44.19,45.69,420,-254.161193,-24.22,-1265.810865,1021.880342,147.9,22.9,332.9,542.9,335,347.9,83.1,85.5,39,73,69,79.2,11.2,16.8,8.2,39.6,8.2,7.7283
"2016/7/29",5083,41.6,42.46,430,-209.2512973,-16.4,-1137.413269,1020.512821,213.88,63.88,393.88,698.88,465,438.88,82.9,85.7,44,68,60,79.2,12.4,17,9.8,44.4,7.5,7.8793
"2016/8/5",5000,41.8,44.27,435,-212.4802215,-29.32,-1113.535033,964.3162393,104.1,49.1,259.1,584.1,550,384.1,82.3,85.7,44,70,63,75.3,14.3,18.8,11.8,51.5,7.1,8.222
"2016/8/12",5050,44.49,46.97,450,-158.5273057,-25.64,-1183.240874,938.6752137,1.2,51.2,126.2,366.2,535,236.2,83,84.9,44,67,64,81.1,14,19.3,9.5,50.2,5.6,9.936
"2016/8/19",5145,48.52,50.88,470,-179.3535542,-29.88,-1364.484956,1024.145299,30.2,105.2,180.2,470.2,460,145.2,81.6,85.3,44,75,70,78.2,13.1,17.7,8.4,47.3,9,10.5344
"2016/8/26",5220,47.64,49.92,480,-213.411431,-26.96,-1478.017679,1024.145299,73.5,173.5,253.5,568.5,435,158.5,65.3,51.3,28,57,60,73.9,12.9,17.3,10.1,49.4,8.9,7.80378
"2016/9/2",5505,44.44,46.83,495,-195.1597838,-20.66,-1210.53164,1024.145299,-27.7,47.3,112.3,467.3,475,17.3,63.2,59.2,28,57,59,71.6,13.7,18.1,11.5,53,9.2,7.1981
"2016/9/9",5390,45.88,48.01,515,-156.2755525,-23.61,-1297.363457,1020.512821,-28.1,46.9,51.9,421.9,480,-18.1,67.5,64,34,76,70,73.6,11.8,17.9,11.2,51,10.5,6.7704
"2016/9/18",5262,43.03,45.77,535,-147.7603206,-14.42,-1406.973708,939.3162393,6.42,126.42,71.42,401.42,580,51.42,80,81.8,38,80,76,75,12,17.8,12.3,53.1,10.5,8.4
"2016/9/23",5140,44.48,45.89,555,-173.9602895,-19.04,-1425.96538,935.042735,38.6,113.6,53.6,393.6,630,83.6,80.6,82.8,38,84,80,79.8,11.9,17.1,10.5,50.8,10.2,6.99741
"2016/9/30",5160,48.24,49.06,565,-188.3721338,-18.08,-881.4041092,977.7777778,120.5,120.5,195.5,480.5,510,195.5,80.3,83.3,40,84,80,79.8,9.9,16.4,8.5,41.9,11.2,7.34006
"2016/10/8",5230,49.81,51.93,565,-150.4664856,-24.02,-978.6544825,970.5128205,73.6,48.6,183.6,428.6,485,198.6,80.5,83.3,40,84,80,79.8,9.5,16.4,8,41.4,8.3,7.3437
"2016/10/21",5387,50.85,51.78,580,-132.1147747,-21.3,-738.1651322,1009.615385,0.62,-24.38,395.62,530.62,485,250.62,81.8,83.4,40,84,80,83.1,7.2,11.6,6.6,31.6,11.5,8.0982
"2016/10/28",5640,48.7,49.71,595,-122.5913397,-20.64,-461.5867903,985.2564103,-76.9,-106.9,343.1,458.1,440,168.1,82.3,83.4,40,79,79,83.1,7.2,11.5,6.8,32.9,10.3,8.3946
"2016/11/4",5880,44.07,45.58,605,-136.3551169,-18.74,64.56119704,860.2564103,-63.9,-118.9,396.1,456.1,400,91.1,83.2,84.6,40,78,78,83.1,8.1,10.8,7.2,34.8,8.5,7.8208
"2016/11/11",6310,43.41,44.75,610,3.486352722,-19.92,500.5644517,919.6581197,-223.1,-98.1,171.9,171.9,360,-23.1,82.7,84.8,40,78,78,81.3,5.8,10.8,4.8,24.9,6.4,8.1873
"2016/11/18",6270,45.69,46.86,605,-151.1160105,-19.7,335.0630431,912.3931624,12.5,-62.5,472.5,402.5,320,117.5,82.9,84.8,40,78,77,81.3,7.5,9.1,4.8,27,6.5,7.461
"2016/11/25",6315,46.06,47.24,600,-63.721102,-23.32,159.2445071,976.4957265,-52.5,-52.5,367.5,367.5,335,52.5,82,85.2,38,78,77,81.8,7.3,8.9,5.3,26.3,6,7.79
"2016/12/2",6475,51.68,54.46,600,-92.34888881,-30.54,242.1480475,983.3333333,-20.6,54.4,289.4,419.4,435,99.4,81.5,85.2,38,78,76,81.8,6,8.8,4.3,21.3,6.1,7.498
"2016/12/9",7240,51.5,54.33,600,24.23656343,-24.5,623.1045432,1053.846154,-43.3,56.7,186.7,536.7,530,101.7,81.8,85.2,38,82,76,83.8,2,8.7,3.7,16.4,5.7,8.18
"2016/12/16",7610,51.9,55.21,595,7.448513009,-32.62,896.7929503,1202.564103,188.2,213.2,513.2,1008.2,415,408.2,81.3,85.2,38,81,71,83.8,2.5,7.3,1.1,10.7,6.2,7.8861
"2016/12/23",7410,53.02,55.16,595,-158.7624359,-30.62,732.418195,1145.299145,456.7,331.7,771.7,1246.7,410,551.7,81.5,85.2,38,81,62,83.8,3.5,8.8,2.2,16,8.2,8.476
"2016/12/30",8190,53.72,56.82,595,-66.48475973,-28.54,1515.678269,1073.931624,33.2,-16.8,383.2,898.2,400,123.2,82.8,85.2,38,81,59,84.2,5.7,9.9,2.9,19,6.5,9.108
"2017/1/6",7700,53.99,57.1,595,-66.51597937,-23.54,1128.853175,3281.196581,188.5,-61.5,393.5,923.5,385,283.5,84.5,87,38,79,54,86.6,9,12.6,5.6,30.2,6.4,9.802
"2017/1/13",7810,52.37,55.45,595,-10.12014328,-25.52,1317.221493,3217.094017,-1.3,-176.3,88.7,418.7,530,58.7,83.3,88.7,35,64,42,84.6,12.1,14.8,7.5,38.5,6.2,10.5791
"2017/1/20",7830,52.42,55.49,595,-80.74019352,-29.76,1076.784479,3195.726496,-11.6,-111.6,118.4,48.4,375,63.4,76.5,80.3,18,15,8,80,12,17.3,5.3,39.5,6.1,9.7155
"2017/2/4",8270,53.83,56.81,595,56.53237502,-28.54,1166.369424,3366.666667,-236.4,-186.4,18.6,-196.4,250,-186.4,75.4,80.3,18,15,8,80,19.3,28.6,9,69.1,10.5,9.5758
"2017/2/10",7910,53.86,56.7,590,71.29628809,-7.58,501.180746,3516.239316,69.6,69.6,279.6,119.6,145,329.6,78.3,76.6,27,46,38,73.7,18.3,29,10.2,65.9,9.5,11.10824
"2017/2/17",7510,53.4,55.81,590,16.68854283,-13.9,-246.3424232,3273.504274,207.2,132.2,487.2,342.2,140,557.2,83,83.9,40,80,73,80.6,19.7,29.1,11.7,69.5,8.8,11.869
"2017/2/24",7380,53.99,55.99,590,-57.09429683,-10.6,-391.0878235,3116.666667,203.8,83.8,533.8,333.8,140,513.8,85.9,88.6,40,86,80,82.1,21.7,29.7,14.4,75.7,7.8,10.3939
"2017/3/3",6965,53.33,55.9,595,-95.27540747,-9.94,-535.1595915,2917.094017,191.4,166.4,566.4,246.4,215,446.4,86.6,89.9,46,86,79,82.1,23.5,30.1,15.5,80.6,8.4,10.2188
"2017/3/10",6750,48.49,51.37,605,-212.4519941,7.4,-290.1606535,2439.316239,262,212,537,257,350,552,86.2,88.4,47,86,79,83.4,25.6,30.7,17.3,88.4,9.7,9.9992
"2017/3/17",6940,48.78,51.76,625,-264.0461234,-6.18,232.385836,2632.478632,63.8,63.8,53.8,-151.2,405,238.8,86.3,87.8,46.5,86,74,86,24,28.7,14.1,83.8,7.6,11.0464
"2017/3/24",6360,47.97,50.8,635,-144.1901357,2.96,-263.7090828,2604.273504,149.7,199.7,179.7,34.7,490,334.7,87.3,89.5,46.5,86,73,84.4,24.4,30.4,15.8,89.7,7.3,10.3887
"2017/3/31",6225,50.6,52.83,650,-226.6195123,3.92,-410.9343602,2476.068376,135.9,110.9,0.9,-154.1,530,285.9,86.6,87.2,46.5,85,73,84.4,23,30.4,16,89.8,9.3,9.69696
"2017/4/7",6280,52.24,55.24,650,-346.1427385,-15.54,-481.6116412,2697.435897,99.2,74.2,174.2,-125.8,320,264.2,86.4,87.5,46.5,84,72,81,18.2,28.8,12.7,76.3,7.8,9.8496
"2017/4/14",5955,53.18,55.89,645,-257.0322099,-2.42,-817.5378935,2697.435897,291.4,141.4,616.4,306.4,200,491.4,87.6,88.9,46.5,86,76,82.8,16.2,25.8,13.4,69.7,7,10.512
"2017/4/21",5880,49.62,51.96,640,-300.3205837,-6.76,-1063.497673,2611.965812,259.9,9.9,674.9,374.9,255,544.9,87.5,89.1,46.5,86,76,81.5,16.4,25.8,14.5,69.5,9.2,10.5875
"2017/4/28",5875,49.33,51.73,635,-244.0061937,-3.56,-1102.242656,2483.760684,150.3,-69.7,435.3,205.3,445,475.3,87.6,89.3,46,86,75,81.5,17.2,25.3,13.6,70.5,9.4,10.7748
"2017/5/5",5865,46.2,49.1,625,-224.9656657,2.94,-1120.893291,2403.448276,98.3,-101.7,263.3,133.3,550,398.3,87.3,88.3,46,86,74,82.5,19,27.2,15.6,77.5,9.8,11.4363
"2017/5/12",5710,47.84,50.84,610,-272.6547126,-6.3,-1172.699081,2395.689655,4.5,-120.5,94.5,4.5,465,309.5,86.1,88.1,46,86,74,80.8,17,26.9,13,71.9,8.1,12.2262
"2017/5/19",6530,50.33,53.61,595,-303.0151037,-12.42,101.6479895,2525,-240.4,-165.4,-165.4,-240.4,435,154.6,86.6,88,46,86,74,80.8,13.1,24.2,8.3,51.1,9.2,11.8642
"2017/5/26",6515,49.8,52.15,580,-199.9152756,-0.66,453.8853121,2611.206897,-40.7,-15.7,184.3,199.3,230,364.3,87,89.6,46,86,77,81.7,11.4,23.8,8.6,51,6.7,10.527
"2017/6/2",6435,47.66,49.95,580,-184.0719705,-6.4,723.0109935,2489.655172,21.7,171.7,216.7,286.7,285,391.7,88.1,91,46,86,77,83.1,11.8,24.5,8.9,54.3,6.4,10.3077
"2017/6/9",6580,45.83,48.15,565,-104.8452899,-7.72,1000.835772,2289.655172,-96.4,-46.4,113.6,218.6,270,238.6,87.6,91.2,46,86,78,81.2,10.9,24.5,9.1,52.6,6.9,10.3368
"2017/6/16",6755,44.74,47.37,575,-109.6286132,-6.02,1113.411147,2354.310345,-106.7,18.3,113.3,378.3,185,268.3,87.8,90.4,46,86,79,83.5,7.9,24.3,7.8,47.5,5.5,10.3604
"2017/6/23",6510,43.01,45.54,580,-21.29537191,-2.54,805.8848586,2132.758621,-9.7,20.3,300.3,630.3,145,360.3,88.8,92.6,46,86,79,84.1,6.6,23.6,5.5,44.5,6.4,10.3008
"2017/6/30",6800,46.04,47.92,590,13.32538878,-3.44,1280.919793,2240.517241,-52.1,-77.1,222.9,537.9,220,222.9,88.3,92.2,46,85,78,83.7,6.8,22.8,4.9,42.1,5.2,9.6247
"2017/7/7",6935,44.23,46.71,590,130.3887953,0.2,1332.829731,2348.275862,-63.3,-13.3,346.7,646.7,220,366.7,88.3,92.2,46,85,78,84.1,5.7,20.5,4.2,35.1,5,8.0353
"2017/7/14",7295,46.54,48.91,595,553.5285317,10.3,1658.535683,2614.655172,-182.1,-157.1,32.9,302.9,145,147.9,89.1,92.8,46,84,78,84.6,6.5,19,3.5,32.5,6.7,7.9299
"2017/7/21",7120,45.77,48.06,605,369.5373682,11.72,1421.807326,2600.862069,84.9,59.9,354.9,564.9,70,414.9,89.3,92.4,46,82,69,85,7.9,19.9,4.2,36.8,4.9,7.9477
"2017/7/28",7320,49.71,52.52,610,217.2866871,6.82,1538.455957,2393.103448,-35,15,220,405,210,310,89.2,92.4,46,63,52,85,10.3,21,6,43.2,5.1,8.028
"2017/8/4",7425,49.58,52.42,615,86.96352106,-5.06,1172.160791,2250,-82,68,3,23,255,143,88.5,92.4,46,77,71,84.4,12.3,23.5,7.2,50.3,5.8,8.319
"2017/8/11",7185,48.82,52.1,615,216.9623974,-3.18,455.3342239,2150,3.9,128.9,3.9,-26.1,80,248.9,88.8,91.9,46,83,73,84.4,10.3,22.8,8.5,48.3,5.6,9.0576
"2017/8/18",7225,48.51,52.82,615,126.4858275,-8.18,177.290059,2150,63.4,63.4,118.4,218.4,55,343.4,88.6,91.1,46,84,79,82.4,8.4,19,6.4,40.8,5.7,9.2144
"2017/8/25",7420,47.87,52.41,615,291.889527,-7.14,310.1867224,2365.517241,83.7,133.7,8.7,173.7,90,308.7,88.7,91.1,46,84,78,83,6.8,18,5.8,36.7,6.3,8.6039
"2017/9/1",7700,47.29,52.75,610,364.2266885,-2.8,657.1726632,2473.275862,87.7,112.7,77.7,217.7,55,327.7,88.3,90.2,46,83,76,80.4,5.2,16.8,3.1,29.1,6.4,8.5651
"2017/9/8",7780,47.48,53.78,610,289.7519678,-9.68,785.2323017,2467.241379,328.5,158.5,368.5,653.5,175,583.5,88,90.2,46,81,71,82.5,4.5,14,2,24.1,5.9,9.152
"2017/9/15",7355,49.89,55.42,615,296.2812586,2.58,164.0080211,2367.241379,481.6,131.6,566.6,821.6,150,771.6,89.6,91,46,79,73,82.5,6.4,13.7,3.4,28.2,4.5,9.3184
"2017/9/22",7265,50.66,56.86,630,277.0822528,-4.68,-99.70459089,2281.034483,360.6,110.6,430.6,690.6,275,1035.6,91.5,94.3,46,82,76,84.3,8.5,13.9,5.6,31.3,5.3,11.8035
"2017/9/29",7275,51.67,57.54,630,137.4340628,0.98,-57.28437073,2237.931034,380.3,130.3,340.3,520.3,360,1100.3,93.1,95.2,46,86,80,87.6,12.5,13.6,8.2,39.1,7.8,11.2651
"2017/10/13",7270,51.45,57.17,630,148.0878548,-11,166.4498536,2173.275862,337.1,62.1,282.1,427.1,395,1022.1,94.4,97,46,87,79,87.4,11.1,16.2,7.7,42.7,6.1,9.912
"2017/10/20",7545,51.84,57.75,630,143.2387704,-2.98,485.6091997,2237.931034,292.8,-7.2,392.8,407.8,200,1027.8,93.2,96.4,46,87,78,87.9,7.4,14.5,4.1,29.4,5.1,8.5744
"2017/10/27",7435,53.9,60.44,625,178.967701,4.66,538.2811709,2312.068966,270.1,-49.9,495.1,460.1,160,950.1,93.1,97.1,46,78,71,88.6,6.6,13.5,3.5,28.6,6.2,8.2859
"2017/11/3",7355,55.64,61.27,625,21.52827274,2.88,435.8388503,2329.310345,321.6,6.6,701.6,666.6,175,1051.6,92.3,95.4,46,88,81,87,5.4,13.4,2.5,25.8,5.4,8.7685
"2017/11/10",7430,56.74,63.52,620,96.69895127,2.32,245.1678451,2381.034483,201.3,-48.7,636.3,636.3,200,1031.3,92.1,95.4,46,88,80,87.6,4.5,11.4,1.5,18.6,4.8,9.1179
"2017/11/17",7240,56.55,62.72,620,271.5411979,7.32,91.91731476,2402.586207,149,24,664,679,180,999,92.5,95.4,46,86,78,90.4,5.1,12,1.9,19.5,6.6,9.25
"2017/11/24",7380,58.95,63.86,615,159.6887848,3.74,254.742837,2272.413793,135.2,20.2,590.2,550.2,240,905.2,93.1,95.4,46,84,77,90.9,7.8,13.2,4.3,28,5.3,9.9617
"2017/12/1",7395,58.36,63.73,615,191.3386941,9.4,191.7191151,2194.827586,-2.9,-77.9,372.1,177.1,180,702.1,92.2,94.8,46,83,74,90.9,8.2,13.7,3.1,29.5,4.4,9.9576
"2017/12/8",7395,57.36,63.4,620,426.5265731,17.7,184.1330088,2281.034483,-87.8,-37.8,127.2,-67.8,230,517.2,91.2,93.9,46,76,68,90.9,9.3,14.2,6.3,34.5,3.6,9.8496
"2017/12/15",7405,57.3,63.23,620,427.4683563,34.68,106.5371093,2137.931034,-124,-24,-19,-194,250,341,89.5,93.7,46,80,72,90.9,10.8,16.2,8,42.5,5.7,10.4715
"2017/12/22",7465,58.47,64.73,625,385.2454106,18.08,51.20484366,2150.862069,-120.8,14.2,-10.8,-15.8,175,374.2,89.2,93.4,46,80,71,86.7,8.6,16,6.8,37.7,6.3,10.9716
"2017/12/29",7685,60.42,66.87,630,325.0482769,4.88,228.3849161,2267.241379,-64.9,85.1,-4.9,-64.9,85,300.1,89.9,93.4,46,79,70,88.2,8.7,16.1,5,35.7,5.2,11.1476
"2018/1/5",7930,61.44,67.62,630,443.2035775,5.64,403.7280025,414.6551724,-12.575,87.425,87.425,77.425,125,357.425,91.2,93.1,46,78,68,89.2,7.4,17.1,4,33.5,7.1,11.4912
"2018/1/12",8250,64.3,69.87,630,345.4346729,8.38,830.8757666,498.2758621,210.15,135.15,140.15,195.15,125,495.15,89.8,93.1,46,77,66,86.5,8,17,4.6,32.8,4,11.4944
"2018/1/19",7960,63.37,68.61,630,182.8907256,12.44,623.4542979,355.1724138,411.2,311.2,346.2,426.2,160,761.2,88.6,90.7,46,75,63,86.5,10.5,17.9,7.1,39.6,4.9,11.4294
"2018/1/26",7860,66.14,70.52,630,193.3030733,17.54,822.1664387,212.0689655,369.05,294.05,314.05,344.05,105,774.05,86.3,86,33,63,47,84.2,9.3,20.4,7.2,40.6,6.5,13.0313
"2018/2/2",7940,65.45,68.58,630,202.6875242,21.22,1001.921127,61.20689655,188.625,313.625,68.625,138.625,250,663.625,86.3,83.8,20,35,34,81.6,9.8,22,7.7,45.3,8.3,12.945
"2018/2/9",7840,59.2,62.79,630,310.6271432,45.34,948.5816508,-89.65517241,59.95,369.95,64.95,119.95,300,669.95,80.4,77.2,16,8,5,69.4,6.9,23.5,1.2,39.7,7.3,11.256
"2018/2/14",7930,61.9,65.25,625,369.2137251,32.14,1069.144129,-89.65517241,-115.55,184.45,-80.55,-55.55,270,494.45,80.4,77.2,16,8,5,69.4,6.9,23.5,1.2,39.7,7.3,11.256
"2018/2/24",8085,63.55,67.31,625,449.0482094,36.86,1490.586542,-46.55172414,-224.35,125.65,-169.35,-184.35,200,335.65,81,75,17,11,16,69.4,14,33,8.5,67.5,12.5,11.34
"2018/3/2",7745,61.25,64.37,620,599.4420418,41.12,1111.66369,11.20689655,-62.4,212.6,-57.4,47.6,165,447.6,86.6,83.1,21,44,42,79,15.1,32.7,10.8,72.1,13.5,13.0766
"2018/3/9",7055,62.04,65.49,620,362.0501816,51.02,94.84913969,-161.2068966,229.525,504.525,354.525,439.525,180,739.525,89.9,88.9,40,77,69,79.8,18.5,32.4,14.5,80.3,12.3,13.2153
"2018/3/16",6710,62.34,66.21,610,331.803949,39.32,-548.9001774,-25.86206897,329.95,529.95,459.95,554.95,150,794.95,92.2,91.7,54,86,79,85.3,18.3,31.7,15.3,81.3,10.4,13.9222
"2018/3/23",6895,65.88,70.45,605,200.287644,19.98,-388.5577039,24.13793103,383.4,483.4,668.4,723.4,130,838.4,93.4,93.2,59,87,82,85.3,13,29.7,12,68.4,10.6,13.6364
"2018/3/30",7315,64.94,70.27,600,185.0688486,36.3,78.07958442,152.5862069,269,369,609,684,155,704,93.1,93.2,59,87,82,86.8,13.7,27,11.4,65.1,11.3,12.8478
"2018/4/13",8340,67.39,72.58,585,148.3390112,52.72,1144.670907,410.3448276,24.975,874.975,439.975,489.975,140,254.975,95.5,95.1,59,87,82,88.2,10,23.8,7.2,53.7,7.7,11.1735
"2018/4/20",8440,68.38,74.06,580,195.3387684,51.14,1403.8072,561.2068966,72.425,1647.425,502.425,552.425,160,397.425,97.3,96.8,61,87,82,89.9,7.7,21.6,5.8,43.9,10.9,10.703
"2018/4/27",7850,68.1,74.64,580,114.395016,58.86,1017.832065,339.6551724,249.35,1949.35,729.35,814.35,135,509.35,97.5,97.1,61,87,84,91.2,9.6,21.1,6.6,47.3,6.7,11.0175
"2018/5/4",7755,69.71,74.87,580,103.3263356,52.6,1075.351942,225,197.625,2172.625,717.625,807.625,205,472.625,96.9,96.2,61,87,84,91.2,12.7,22.4,8.1,54.6,7.7,11.3373
"2018/5/11",7275,70.7,77.12,580,85.4867355,48.22,645.3016373,171.5517241,220.975,2370.975,775.975,925.975,195,595.975,97.5,96.2,60,87,84,92.3,9.8,20.4,5.7,46.3,7.5,11.7975
"2018/5/18",7255,71.28,78.51,580,176.9672355,60.48,605.4547333,85.34482759,80.65,2280.65,695.65,860.65,255,555.65,97.7,96.5,61,87,85,92.3,11.9,20.4,7.2,51.2,6.6,12.701
"2018/5/25",6850,67.88,76.44,585,134.3905887,64.82,-227.3984438,-18.96551724,83.425,2283.425,658.425,768.425,370,693.425,96.9,95.4,61,87,84,92.3,13.8,21,8.5,54.9,7.6,12.8877
"2018/6/1",7175,65.81,76.79,585,193.6372237,80.28,96.05385208,-5.172413793,-61.325,2138.675,428.675,488.675,415,553.675,96.3,94.3,61,85,81,90.1,12.6,21.1,7.6,51.4,9.4,12.2301
"2018/6/8",6950,65.74,76.46,585,237.861302,87.92,-185.6703716,-26.72413793,-23.775,2201.225,556.225,556.225,350,596.225,96.4,94.9,61,83,77,91.5,13.5,21,6.7,51.9,7.6,12.05
"2018/6/15",7040,65.06,73.44,590,193.0083633,85.94,-228.2016172,23.27586207,-41.1,1983.9,598.9,583.9,315,496.9,96.8,94.9,61,83,77,92.5,11.1,19.7,5.7,48.1,5.8,11.4224
"2018/6/22",6770,68.58,75.55,590,261.2907331,105.34,-572.662948,51.72413793,88.475,2038.475,753.475,743.475,270,553.475,95,94.4,61,83,77,90.7,12,20.7,5,50.5,7.5,11.59
"2018/6/29",7120,74.15,79.44,590,180.2232845,89.62,-366.7124861,181.0344828,-88.25,1711.75,581.75,511.75,295,371.75,92.2,92.4,61,83,77,87.1,10.6,19.2,2.4,37.7,9.7,11.7094
"2018/7/6",7065,73.8,77.11,590,154.9467602,84.72,-470.8009679,174.137931,-49.75,1400.25,700.25,510.25,165,425.25,92.6,92.6,61,83,77,89.3,12,20.2,3,40.2,9.5,10.649
"2018/7/13",7195,71.01,75.33,590,179.8929974,81.7,-473.9191147,281.8965517,-2.5,797.5,752.5,582.5,45,312.5,93.9,93,61,81,75,89.3,10,19.5,3.5,39.2,6.1,10.5168
"2018/7/20",7375,68.26,73.07,590,163.4780195,74.44,-244.3663572,275,-111.125,513.875,808.875,528.875,45,153.875,94.7,93.2,61,87,79,92.7,10.3,18.6,2.9,39.2,4.8,10.417
"2018/7/27",7635,68.69,74.29,585,162.8074433,67,85.44229238,468.9655172,-144.225,255.775,735.775,370.775,110,85.775,96,94.4,61,83,78,92.8,10.1,17.3,2.8,34.1,4.4,10.848
"2018/8/3",7875,68.49,73.21,580,410.6270861,40.8,288.8105781,950.862069,-105.375,69.625,499.625,69.625,105,34.625,94.9,92.9,61,87,83,91.1,7.6,14.4,1.2,27.7,4.9,11.2931
"2018/8/10",7670,67.63,72.81,575,811.1942686,74.2,-117.1449954,1045.689655,-30,45,600,55,20,120,92.2,93.3,55,85,81,84,9.2,12.8,1.4,28.5,5.7,11.525
"2018/8/17",7585,65.91,71.83,580,1288.968755,59.32,-256.8232159,1377.586207,-87.475,-137.475,482.525,-2.475,130,162.525,93,95.2,59,70,73,83.9,8.5,11.4,0.8,25.4,5.4,11.625
"2018/8/24",7810,68.72,75.82,580,1754.923405,72.64,15.94757319,1565.517241,-311.35,-511.35,208.65,-226.35,30,13.65,91.2,95.1,55,81,75,78,9.6,12.4,3.1,30.4,4.4,11.4
"2018/8/31",8015,69.8,77.42,580,1377.658669,55.14,508.6979108,1975,-110.225,-585.225,549.775,24.775,-65,-80.225,90.3,95,55,80,75,71.9,9.5,12.7,3.4,30.8,7.2,11.3778
"2018/9/7",7995,67.75,76.83,580,1689.528061,104.84,612.8140691,2018.103448,-113.375,-438.375,531.625,-13.375,-120,-108.375,90.7,94.7,50,68,65,72,12,13.9,6.3,38.7,7.6,13.0608
"2018/9/14",7450,68.99,78.09,580,1312.763555,70.42,150.6919049,2113.793103,60.275,-264.725,735.275,125.275,-180,95.275,86.1,90.1,41,68,64,68,16.2,17.3,9.7,51.2,6.1,12.5706
"2018/9/21",7140,70.78,78.8,580,469.8908711,57.84,-158.8473634,1556.034483,429.9,154.9,1094.9,744.9,120,774.9,80.4,83.3,41,62,58,57.4,20,19.6,13.1,62.4,6.4,11.7384
"2018/9/28",7290,73.25,82.72,580,83.81519494,47.86,292.3960337,1483.62069,230.95,-44.05,705.95,395.95,300,505.95,78.9,80.2,41,40,53,60.1,21.2,21,15,68,10.7,12.0717
"2018/10/12",7270,71.34,80.43,585,125.089921,62.1,782.7279821,1491.37931,362.65,62.65,1022.65,612.65,110,657.65,82.9,85,48,84,80,59.8,17.1,18.5,13.5,56.3,9.8,12.3521
"2018/10/19",7250,69.12,79.78,590,-155.1786657,39.72,889.0797523,1154.310345,573.15,298.15,1188.15,788.15,110,958.15,84.07,88.6,50,83,78,60.6,19.2,19.8,15.8,62.7,9.8,11.93794
"2018/10/26",6810,67.59,77.62,595,-322.7034781,-4.44,932.2760212,770.6896552,519.225,139.225,829.225,529.225,430,969.225,88.4,88.9,49,79,75,75.1,21.6,23,17.6,71,8.7,12.10536
"2018/11/2",6725,63.14,72.83,590,-46.32164852,26.58,1201.22996,507.7586207,234.15,-40.85,434.15,144.15,485,569.15,89.2,90.1,49,78,72,76.9,20.5,22.1,16.5,68.7,8.4,11.907
"2018/11/9",6130,60.19,70.18,590,-16.86875485,47.22,510.6855465,98.27586207,185.05,-64.95,80.05,50.05,665,580.05,88.7,88.9,49,60,60,79.1,21.7,22.9,19,74.7,8.3,12.0632
"2018/11/16",6120,56.46,66.76,590,171.2231425,64.76,54.90636224,-146.5517241,-288.55,-238.55,-113.55,-168.55,635,171.45,86.1,84.8,49,60,62,77,18.7,21.2,16.7,63.6,6.2,11.9679
"2018/11/23",5770,50.42,58.8,590,156.9544842,71.24,-339.035392,-68.10344828,179.9,79.9,154.9,324.9,780,594.9,87.8,85.7,49,69,70,77,19.7,21.2,17.9,67,5.4,10.4482
"2018/11/30",5740,50.93,58.71,585,115.9633401,78.02,52.75668232,-83.62068966,106.675,81.675,-63.325,111.675,835,531.675,88.9,85.9,49,67,66,83.8,20.2,22.7,18.3,70.6,7.6,10.4013
"2018/12/7",5965,52.61,61.67,585,413.0332747,42.12,876.6965512,232.7586207,-31.05,18.95,-391.05,-71.05,460,253.95,88.8,85.5,49,77,71,85.2,14.4,16.6,12,45.3,4.6,10.656
"2018/12/14",5810,51.2,60.28,580,318.598896,39.48,551.1421817,247.4137931,130.075,-144.925,-64.925,245.075,230,375.075,89.1,85.2,49,78,71,86.5,13,15.5,11,43.3,4,11.1375
"2018/12/21",5590,45.59,53.82,575,481.2363893,61.7,4.2665081,61.20689655,287.6,37.6,117.6,472.6,305,602.6,88,85,48.8,78,71,87.1,15,17.4,13.6,51,6.1,11
"2018/12/28",5190,45.33,52.2,570,384.7068464,64.32,-343.3894091,-183.6206897,367.875,42.875,112.875,702.875,410,897.875,86.2,84.7,48.8,78,66,87.1,14.7,16.1,13.3,47.8,6.1,12.1542
"2019/1/4",5160,47.96,57.06,570,345.226391,29.14,240.8059513,-219.8275862,213.8,68.8,-81.2,478.8,490,688.8,84.8,82.3,48.8,76,65,87.4,15.6,16.7,13.1,50.1,4.7,12.8048
"2019/1/11",5115,51.59,60.48,565,28.2960007,4.46,233.8785461,-155.1724138,175.625,275.625,-154.375,395.625,480,680.625,83.9,81.8,48.8,72,57,83.9,12.5,13.5,6.7,32.9,4.8,11.746
"2019/1/18",4985,53.8,62.7,570,85.49305354,3.8,-269.6723359,-155.1724138,172.15,322.15,-137.85,442.15,470,677.15,81.9,78,47,66,50,83.9,11.1,13.8,6.5,32.8,7,11.0565
"2019/1/25",5070,53.69,61.64,565,246.8432191,4.84,-573.1861432,60.34482759,218.4,378.4,108.4,628.4,460,698.4,78.3,71.7,29,17,9,80.3,9.2,13.8,3.8,26.8,7.7,11.5884
"2019/2/1",5110,56.34,62.75,570,364.039203,26.26,-682.8390164,60.34482759,98.125,323.125,-11.875,508.125,460,578.125,74,67.5,29,10,5,79.1,11.1,18,5.5,36.6,6.5,13.172
"2019/2/15",5010,55.59,66.25,570,-51.39350257,20.04,-1315.869449,-11.20689655,341.75,466.75,216.75,736.75,470,776.75,78.6,73,29,20,34,73.1,14.2,27.2,11.6,58.9,9.2,12.969
"2019/2/22",4980,57.26,67.12,575,-17.15121754,12.12,-1306.9003,-118.9655172,201.15,401.15,201.15,601.15,450,726.15,85.4,82.7,29,50,45,84.7,16.8,27.8,14.8,67,8.2,13.1516
"2019/3/1",5125,55.8,65.07,600,18.89523609,9.48,-839.1148455,-205.1724138,18.375,393.375,-211.625,223.375,590,418.375,86.6,84.5,84,81,75,84.5,18,28.6,15.4,68,7.7,13.3364
"2019/3/8",5230,56.07,65.74,640,251.2154509,24.1,-313.5992997,96.55172414,145.1,345.1,250.1,415.1,215,510.1,88.5,86.7,54,87,84,87.7,11.5,22.9,9.8,49.4,8.5,13.098
"2019/3/15",5130,58.52,67.16,628,195.7404186,17.02,-578.6842069,95.68965517,93.375,368.375,338.375,538.375,250,571.375,90.5,88.9,60,89,85,87.7,14.2,24.2,10.3,55.1,6.7,13.213
"2019/3/22",5110,59.04,67.03,625,444.5353698,43.32,-699.4251233,131.0344828,89.2,489.2,604.2,734.2,135,579.2,90.5,89.3,60,89,85,87.7,13.4,23.3,8.9,52.2,9.5,13.756
"2019/3/29",4815,60.14,68.39,624,517.5036273,42.66,-602.822416,202.5862069,118.975,593.975,608.975,593.975,95,553.975,92.9,92.1,60,89,85,87.7,13.3,22.5,9.1,52.7,9.3,13.935
"2019/4/15",4700,63.4,71.18,634,680.5665359,50.12,-753.2289744,544.0265487,172,672,667,547,170,621,92.3,90,60,89,80,87.7,12.5,22.4,8.6,50.1,8.1,13.3835
"2019/4/26",4467,63.3,72.15,618,1120.246916,102.34,-692.6664933,300.6637168,94.755,494.755,479.755,269.755,50,634.755,93.2,91.2,60,85,78,89,16,24,13.8,62.6,7.8,13.4208
"2019/5/5",4535,61.94,70.85,620,1365.25822,128.74,-535.8240605,278.539823,12.775,337.775,172.775,-27.225,225,457.775,93.8,91.7,60,85,70,88.6,17.2,26.5,13.5,68.2,7,13.5072
"2019/5/10",4525,61.66,70.62,620,1392.678034,116.38,-804.5949584,237.1681416,-101.625,-101.625,-121.625,-226.625,320,298.375,91.5,90,60,76,65,78.5,18.3,26.9,13.3,70.8,8.7,13.542
"2019/5/17",4240,62.76,72.21,620,1022.437906,127.4,-1149.969066,109.7345133,94.1,64.1,109.1,-145.9,305,704.1,89.9,87.9,60,72,65,77.5,19.6,26.7,16.2,76.5,8.4,13.3951
"2019/5/24",4315,58.63,68.69,616,390.692154,73.16,-1263.043072,140.7079646,9.225,109.225,39.225,-90.775,530,519.225,87.9,86.3,57.4,71,65,73,20.4,26.2,16.5,79.4,8.8,12.6576
"2019/5/31",4360,53.5,64.49,602,535.0887128,61.36,-589.6269711,440.7079646,-40.05,309.95,99.95,74.95,325,239.95,88.5,86.7,57.4,79,69,75,12.2,20.8,7.3,52.9,6.4,12.6555
"2019/6/5",4275,51.68,60.63,595,670.905701,68.04,-535.0592545,352.2123894,-8.975,266.025,191.025,66.025,175,101.025,89.5,87.1,57.4,74,69,80,13.6,21.2,9.1,57.3,7.6,12.7985
"2019/6/12",4282,51.54,59.97,595,547.4815151,51.92,-350.1850815,396.460177,0.205,200.205,320.205,225.205,80,150.205,91.1,89.4,57.3,81,73,80.9,12,20.5,6.5,47.8,7.3,13.0273
"2019/6/20",4405,56.65,64.45,594,1065.056567,77.1,-86.31693339,738.9380531,125.55,175.55,255.55,105.55,60,225.55,91.5,90.6,57.3,89,77,80.9,7.1,15,3.4,31.5,10,13.0845
"2019/6/27",4470,59.43,66.55,603,1300.109055,85.32,69.53892375,659.2920354,232.5,7.5,292.5,122.5,90,402.5,92.9,91.1,57.3,89,79,87.8,6.5,12.8,2.7,26.1,7.6,13.2847
"2019/7/5",4410,57.51,64.23,613,1637.438998,117.58,-120.5269911,935.3982301,442.475,-7.525,607.475,292.475,100,512.475,93.2,91.5,57.3,85,78,88.9,8.3,13.1,3.5,27.7,8.7,13.1412
"2019/7/11",4245,60.2,66.52,604,1398.876691,63.92,-329.1763406,859.2920354,51.375,-73.625,291.375,-113.625,-110,261.375,91.1,87.9,57.3,82,74,88.9,11,15.9,6.5,37.1,11.4,12.8451
"2019/7/19",4440,55.63,62.47,594,1314.846486,82.3,-310.5900489,483.1858407,-173.9,-73.9,196.1,-353.9,5,186.1,88.3,85.6,51.7,78,70,85,13.4,17.9,8.5,44.3,8.4,14.7461
"2019/7/26",4430,56.2,63.46,592,620.3668639,54.94,-329.3879654,317.699115,132.225,82.225,397.225,-167.775,-50,287.225,86.7,85.3,51.7,66,57,85,14.4,18.5,10.7,50.8,8.9,14.6523
"2019/8/2",4370,55.66,61.89,594,458.9371274,44.08,-804.2795957,384.0707965,483.825,358.825,733.825,308.825,-110,403.825,86.3,85.1,47,63,62,82.7,13.2,16.6,10,45.3,6.9,14.2395
"2019/8/9",4390,54.5,58.53,584,375.6124334,38.6,-807.623609,118.5840708,288.275,238.275,578.275,148.275,-40,218.275,87.7,85.5,47,65,62,82.7,12.4,17.5,7.6,44.2,6.3,13.8566
"2019/8/16",4497,54.87,58.64,577,450.0995412,43.6,-825.5092658,345.5752212,379.755,154.755,614.755,289.755,-5,324.755,88.9,86.8,47,80,68,83.7,7.9,12.2,4.8,23.1,7.4,13.4239
"2019/8/23",4525,54.17,59.34,586,346.5850628,42.56,-515.0781918,190.7079646,297.975,197.975,717.975,362.975,-5,347.975,90.1,86.9,53.6,83,75,85.8,9.5,14.4,6.4,31.1,5.5,13.1546
"2019/8/30",4605,55.1,59.25,581,317.6681066,21.24,-498.762903,168.5840708,246.175,171.175,631.175,251.175,55,226.175,92.2,89.5,53.6,76,75,88.3,11.2,14.8,6.3,35.8,8.3,12.7236
"2019/9/6",4730,56.52,61.54,579,432.222433,30.2,-261.6167905,279.2035398,235.25,85.25,580.25,135.25,10,185.25,92,88.5,54.5,82,76,88.5,10,13.4,4.2,27.6,8.5,11.868
"2019/9/20",5125,58.09,64.28,585,165.2603333,9.36,213.914981,367.699115,352.55,252.55,752.55,167.55,25,622.55,92.1,89.5,54.5,80,71,89.4,11.5,13.8,5.6,32,7.4,13.6308
"2019/9/27",5125,55.91,61.91,585,151.2037263,17.66,421.756325,240.7079646,165.375,15.375,545.375,10.375,100,240.375,92.8,90,54.5,80,70,91.4,12.5,14.2,6.9,36.5,5.3,14.1056
"2019/10/8",5185,52.63,58.24,585,225.8235057,17,504.901598,343.5840708,51.875,-23.125,246.875,-193.125,245,26.875,92.8,90,54.5,80,70,91.4,15.8,17.6,9.2,50.6,4.2,14.1056
"2019/10/11",4960,54.7,60.51,584,164.3845066,3.42,537.2435826,299.3362832,72.975,47.975,167.975,-292.025,315,97.975,92.4,89.2,53.9,75,69,90,15.2,16.5,8.4,47.3,5.9,12.7512
"2019/10/18",4650,53.78,59.42,579,141.170336,-0.08,533.3361339,147.3451327,117.9,142.9,357.9,-147.1,190,312.9,91.6,88.7,53.9,73,68,87,16.3,17.7,9.5,52.2,5.2,12.1828
"2019/10/25",4668,56.66,62.07,572,81.36316596,-5.36,465.0942388,70.3539823,-66.755,83.245,28.245,-141.755,365,218.245,90.7,89,53.9,72,72,87,14.1,16.7,9.1,45.4,5.8,12.4259
"2019/11/1",4590,56.2,61.69,567,53.93612243,-8.76,187.704886,120.3539823,49.15,74.15,99.15,-185.85,315,214.15,88.9,88.4,53.9,76,75,85.5,15,16.8,8.6,47.3,5.8,12.2682
"2019/11/8",4505,57.24,62.51,551,-11.86801982,-13.76,-7.126438898,209.7345133,25.3,175.3,175.3,-214.7,315,250.3,89.7,88.4,53.9,76,73,86.7,15.5,16.3,9.5,48.6,4.8,11.3919
"2019/11/15",4703,57.72,63.3,551,-19.48855644,-14.42,1.944094423,171.2389381,-145.305,29.695,74.695,-330.305,280,29.695,90.3,89.1,53.9,75,69,87.6,13.6,14.7,8.8,42.6,4,11.0166
"2019/11/22",4645,57.77,63.39,552,-1.354578122,-19.04,-188.103043,265.4867257,-140,10,155,-205,220,95,90.5,88.9,53.9,75,68,88.8,11.4,12.8,9,37.9,2.5,10.679
"2019/11/29",4700,55.17,62.43,552,-76.6626921,-26.68,-13.07009676,265.4867257,-107.125,-7.125,147.875,-257.125,250,42.875,89.3,88.7,53.9,73,64,84.6,13,14.2,9.5,42,4.5,10.2695
"2019/12/6",4752,59.2,64.39,552,-133.6950321,-28.94,311.2398604,309.7345133,-78.82,-3.82,51.18,-193.82,305,91.18,89.1,87.5,53.9,72,62,83.6,12,14.2,8.5,38.2,4,10.0683
"2019/12/13",5440,60.07,65.22,547.5,-68.61213712,-32.24,1164.83312,286.7256637,-156.325,-56.325,-161.325,-266.325,270,93.675,87.3,84.5,53.9,72,62,83.6,9.9,12.7,7,29.6,4,9.1665
"2019/12/20",5215,60.44,66.14,547.5,-150.547822,-33.18,833.884712,319.4690265,81.875,31.875,51.875,6.875,315,236.875,85.6,83.9,52,72,62,82,8.8,12,7,27.8,6,9.2448
"2019/12/27",4962,61.72,68.16,549.5,-273.8876771,-42.6,598.0225641,375.2212389,73.88,-1.12,93.88,23.88,315,198.88,84.9,83.9,52,69,55,82,10.1,12.5,7.6,30.8,9.5,9.2541
"2020/1/3",5035,63.05,68.7,552.5,-191.8838404,-37.04,608.5803862,397.3451327,82.975,-17.025,87.975,32.975,435,182.975,83.7,81.3,48.3,61,48,81.9,10.5,13.5,8.4,32.4,8.5,9.3744
"2020/1/10",5385,59.04,64.98,557.5,-79.32038029,-29.88,820.8621576,441.5929204,58.475,33.475,168.475,53.475,390,183.475,79.6,75.7,45.6,45,30,75,8.5,12.9,6.5,26.9,7,9.95
"2020/1/17",5200,58.54,64.85,559.5,-4.649787771,-28.56,458.5350897,375.2212389,15.525,-9.475,175.525,30.525,415,125.525,77.7,71.6,20.6,10,6,67.6,9.1,15.7,7,33.2,6.3,10.4118
"2020/2/14",4330,52.05,57.32,573.5,-209.5688139,-29.72,106.2626149,65.48672566,405.85,285.85,850.85,705.85,480,575.85,59.5,53.2,13.3,5,4,42.5,22.2,33.5,22.4,94.5,11.3,8.211
"2020/2/21",4417,53.38,58.5,573.5,-201.1544458,-29.34,185.5302846,21.23893805,279.68,304.68,789.68,504.68,260,299.68,59.5,54.5,16,10,14,49,24,35.7,26.2,94.6,8.9,9.6222
"2020/2/28",4280,44.76,50.52,570.5,-114.7338538,-24.08,135.0141809,-155.7522124,335.05,435.05,455.05,385.05,495,505.05,64.1,57.2,20.2,21,33,64.4,26.7,36,29.4,102.6,11.4,11.6021
"2020/3/6",4185,41.28,45.27,568.5,-12.2091129,-15.78,66.99146567,-222.1238938,253.4,403.4,433.4,443.4,485,398.4,72.6,66.5,28.5,58,56,72.7,25.7,31.7,28.5,93.7,10.1,13.3584
"2020/3/13",3920,31.73,33.85,560.5,-125.3457455,-23.26,32.05659141,-298.2300885,297.65,397.65,567.65,532.65,550,617.65,80,77.4,52.3,67,65,76.1,27.4,32.1,29.1,98.2,10.1,14.72
"2020/3/20",3605,22.63,26.98,552.5,-46.0706242,-1.12,-9.313178445,-107.9646018,322.5,522.5,577.5,497.5,580,742.5,81,78.2,52.3,81,73,76.1,29.2,32.8,30.3,101.8,10.3,15.633
"2020/3/27",3130,21.51,24.93,543.5,-0.203332,5.94,-252.6230013,-217.699115,281.25,681.25,11.25,-143.75,705,751.25,83.9,78.6,52.3,78,69,86.2,30.5,33.2,31,105.5,10.7,15.941
"2020/4/3",3295,28.34,34.11,527.5,41.56739738,-12.84,329.0341973,-172.5663717,93.725,598.725,-96.275,-81.275,435,388.725,83.4,78,50.2,66,41,84.1,22.1,26.6,18.4,76.8,10.4,16.0962
"2020/4/10",3385,22.76,31.48,502.5,176.4027922,-6.8,455.0322088,70.79646018,210.325,710.325,155.325,175.325,410,940.325,84,77.4,51.1,76,57,83.6,17.2,22.8,14.4,57.4,12,17.304
"2020/4/17",3440,18.27,28.08,489.5,122.525788,-10.86,735.0966259,-40.7079646,373.125,773.125,-51.875,-116.875,345,1313.125,87.8,79.9,51.1,74,53,92.5,18.9,25.1,16.7,60.4,11.5,17.3844
"2020/4/24",3275,16.94,21.44,477.5,55.29424566,-5.58,658.9520694,-372.5663717,143.175,818.175,-106.825,-156.825,360,848.175,87,79.2,51.1,74,53,94.5,19.2,25.9,17.8,63.9,11,16.356
"2020/4/30",3455,24.7,29.2,467.5,90.94093995,-15.2,614.692209,-284.0707965,114.475,664.475,-45.525,-10.525,335,524.475,87.5,79.2,51.1,67,48,94.5,17.4,23.7,16.9,59,10.8,16.45
"2020/5/8",3505,24.74,30.97,467.5,122.3630426,-13.4,340.6266735,-129.2035398,165.85,665.85,210.85,365.85,280,680.85,89.3,78.5,48.8,73,63,94.8,14,23.1,16,54.3,10.3,16.967
"2020/5/15",3540,29.43,32.5,487.5,173.6973182,-5.1,-136.5130298,-217.699115,28.475,653.475,-61.525,103.475,405,588.475,89.4,79.3,48.8,72,68,94.7,15.5,23.4,15.7,53.6,12.6,16.539
"2020/5/22",3560,32.25,35.13,532.5,243.784546,4.24,-578.2683327,25.66371681,215.55,765.55,180.55,475.55,305,735.55,89.3,79.1,48.8,77,70,94.7,13.5,21.7,13,49.4,14,16.4312
"2020/5/29",3573,35.49,37.84,547.5,344.0769616,7.16,-720.9727189,-40.7079646,110.545,660.545,140.545,260.545,275,615.545,90,80.5,48.8,78,72,94.7,15.4,20.9,13,52.3,14.6,16.56
"2020/6/5",3627,39.55,42.3,546.5,296.0867814,-11.98,-755.5341179,114.159292,177.68,652.68,197.68,377.68,185,632.68,90.6,81.2,48.8,78,71,94.7,14.2,21.1,12.7,45.7,14.2,16.4892
"2020/6/12",3485,36.26,38.73,562.5,142.9356042,-25.84,-1310.403997,92.03539823,243,693,388,523,225,728,91.7,84.2,48.8,79,69,94.7,15.6,21.7,13.5,48.9,16,16.7811
"2020/6/19",3597,39.75,42.19,567.5,-77.90616128,-56.48,-1282.826524,47.78761062,95.63,495.63,215.63,265.63,205,480.63,90.7,83.1,48.8,79,68,95.8,17.4,24.2,15.7,57.3,13.7,16.6888
"2020/7/3",3510,40.65,42.8,579.5,88.19549782,-26.4,-1291.205391,42.92035398,-11.75,488.25,-71.75,-136.75,200,333.25,92,84.8,46,73,64,93.6,18.9,27.8,17.1,68.3,16.6,16.192
"2020/7/10",3390,40.55,43.24,592.5,10.63305783,-26.4,-1329.501345,-39.82300885,-31.775,543.225,-251.775,-346.775,260,323.225,92,84.8,43.3,72,62,94.3,19.3,29.6,18.9,73.8,16,16.376
"2020/7/17",3475,40.59,43.14,589.5,12.89295602,-27.72,-1240.790009,10.17699115,-68.8,406.2,-373.8,-268.8,295,221.2,90.9,82.6,43.3,69,53,94.3,18,31.7,20.7,77.8,17.2,16.362
"2020/7/24",3600,41.29,43.34,572.5,-28.2840764,-33,-1097.788889,204.4247788,-64.95,285.05,-369.95,-214.95,130,160.05,91.5,82.7,43.3,74,64,94.3,16.3,29.4,17.5,68.5,19,16.5615
"2020/7/31",3677,40.27,43.3,572.5,67.79914821,-28.38,-970.1410191,248.6725664,-87.77,167.23,-317.77,-162.77,95,107.23,91,82.2,43.3,77,66,94.7,16.8,28.6,16,68,17.7,15.743
"2020/8/7",3720,41.22,44.4,562.5,147.7604614,-29.04,-681.0934021,315.0442478,-87.025,162.975,-262.025,-7.025,65,212.975,90.1,81.4,43.3,79,70,92.3,17.3,27.5,15.3,62.9,15.6,15.4071
"2020/8/14",3710,42.01,44.8,557.5,48.40491229,-30.64,-619.246353,265.0442478,-40.925,209.075,-110.925,-20.925,50,254.075,90.1,81.6,43.3,81,74,92.3,18.8,29.4,17.6,70.1,18.4,15.6774
"2020/8/21",3710,42.34,44.35,562.5,51.80144198,-21.68,-492.842984,220.7964602,-56.725,223.275,-206.725,-66.725,195,213.275,90.9,82.5,43.3,75,72,95.1,20.3,29.8,18.9,73.4,16.7,15.9075
"2020/8/28",3768,42.97,45.05,555.5,119.1597908,-13.1,-441.071914,176.5486726,-113.33,166.67,-268.33,-213.33,210,191.67,91.2,82.6,43.3,79,75,95.1,19,30.6,16.7,71.9,17.5,15.7776
"2020/9/4",3893,39.77,42.66,558.5,12.28628178,-21.3,-564.3912202,170.7964602,-88.105,191.895,-313.105,-318.105,205,281.895,92.5,82.7,43.3,79,75,97.9,19.3,30,16.8,69.5,16.4,16.095
"2020/9/11",3835,37.33,39.83,577.5,-12.91055456,-25.36,-774.5267385,50,-84.55,170.45,-324.55,-329.55,260,265.45,92.7,83.4,43.3,80,76,97.9,21.1,29.9,19,75.4,15.1,15.9444
"2020/9/18",3828,41.11,43.15,590.5,-32.15346886,-35.92,-909.5109221,5.752212389,-153.58,76.42,-348.58,-398.58,180,236.42,92,83.5,43.3,80,76,99.3,20.6,28.7,19.4,75,12.2,15.732
"2020/9/25",3665,40.25,41.92,599.5,-78.02737193,-29.04,-1183.428163,-29.6460177,-49.2,120.8,-224.2,-244.2,185,320.8,91.8,83.1,43.3,82,79,99.3,19.1,26.9,18.3,71.9,11.1,15.8814
"2020/9/28",3663,40.6,42.43,604.5,-61.89787082,-23.48,-1180.64506,-31.19469027,-18.68,81.32,-98.68,-168.68,145,336.32,91.8,83.1,43.3,93,91,99.3,19.1,26.9,18.3,71.9,11.8,15.8814
"2020/10/9",3700,40.6,42.85,612.5,-62.99321706,-27.44,-1151.99638,13.05309735,1.825,1.825,66.825,-28.175,105,406.825,90.6,82.2,49.3,93,91,99.3,16.3,21,12.5,54.3,9.6,15.855
"2020/10/16",3842,40.88,42.93,624,23.81790284,-26.3,-772.5424096,138.4955752,-16.82,-36.82,58.18,-86.82,380,703.18,90.3,83.4,58.5,94,93,99.3,12,11.6,9,31.6,11.4,15.6219
"2020/10/23",3823,39.85,41.77,608,-17.85714578,-18.66,-637.8140417,3.097345133,17.945,62.945,132.945,-22.055,400,757.945,90.9,84,61.3,94,93,99.3,13.1,12.4,9.8,31.1,11.7,15.3621
"2020/10/30",3717,35.79,37.46,611,-59.63227033,-16.22,-615.2323362,-85.39823009,120.18,90.18,145.18,-244.82,515,735.18,90.9,84,61.3,94,92,99.3,14.2,14.2,11.1,37.7,9.8,15.5439
"2020/11/6",3665,37.14,39.45,619.5,-157.478047,-20.56,-678.6506318,-173.8938053,161.575,131.575,226.575,-58.425,550,766.575,90.7,83.6,62.2,94,91,99.3,15.8,15,13.1,43.7,10.5,15.419
"2020/11/13",3610,40.13,42.78,617.5,-92.6519551,-13.48,-1057.229725,-156.1946903,93.125,193.125,138.125,-21.875,445,728.125,90.4,83.6,62.2,94,91,99.3,13.6,14.7,11.5,37.6,11,15.1872
"2020/11/20",3785,42.15,44.96,619.5,-70.71267624,-23,-1416.642651,-178.3185841,-88.825,186.175,-168.825,-373.825,565,481.175,92.1,83.6,62.2,94,88,100,15.5,15.1,13.5,41.6,10.2,15.1044
"2020/11/27",3808,45.53,48.18,628.5,-83.74783912,-21.58,-1391.028778,-94.24778761,-44.28,285.72,-134.28,-324.28,470,490.72,91.9,83.6,62.2,93,85,98.4,12.3,13.4,11,33.5,8.5,14.74076
"2020/12/4",3800,46.26,49.25,641.5,-139.2154412,-28.2978,-1426.419156,-67.69911504,-62.9,312.1,-247.9,-362.9,550,382.1,91.4,83.1,62.2,93,83,100.4,11.7,15.6,9,31.3,11.5,14.7154
"2020/12/11",3850,46.57,49.97,692.5,-57.58732698,-22.7,-1284.411191,73.89380531,-13.7,326.3,46.3,-148.7,525,396.3,91,83.1,62.2,94,86,97.3,11.2,13.2,8,29.3,9.5,14.924
"2020/12/18",4050,49.1,52.26,727.5,-64.21671912,-28.82,-1167.08064,165.4867257,-48.95,231.05,186.05,-143.95,510,426.05,90.7,83.3,61.4,92,86,95.9,11.7,12.5,7.7,28.5,10.1,14.6934
"2020/12/25",4130,48.23,51.29,747.5,-53.34154988,-29.2,-1170.565867,103.539823,-124.375,175.625,160.625,-159.375,560,340.625,89.6,80.8,60.5,86,85,95.9,13.2,11.7,10.3,34.2,8.5,14.784
"2021/1/8",4420,52.24,55.99,857.5,-150.7426596,-32.38,-1076.580376,289.8230088,-42.45,177.55,252.55,-247.45,555,557.55,91.7,85.3,63.3,90,79,96.2,10.2,9.7,6.6,20.5,7.9,16.0475
"2021/1/15",4552,52.36,55.1,972.5,-131.4249425,-14.74,-727.5306241,284.0707965,-32.395,187.605,257.605,-162.395,600,537.605,88.7,81.7,60.8,86,65,89.6,10.7,10,7,23.3,6.6,15.5225
"2021/1/21",4573,53.13,56.1,950,-207.4125677,-15.4,-448.8939445,213.2743363,-55.305,244.695,89.695,-185.305,760,594.695,88,80.4,50.3,68,46,95.3,13.3,13,9.2,32.5,4.9,15.4
"2021/1/29",4778,52.2,55.88,817.5,-194.6514499,-19.64,-15.30814898,195.5752212,-199.555,120.445,-59.555,-464.555,655,390.445,82.5,74.2,35.5,26,24,90.5,11.4,16.1,5.9,29.9,8,15.0975
"2021/2/5",4783,56.85,59.34,707.5,-242.6802432,-10.1,135.0682483,461.0619469,-8.105,336.895,216.895,-13.105,495,506.895,82.2,73,23.5,15,8,86.8,12.4,17.8,7.3,34.1,6.6,15.9468
"2021/2/19",5355,59.24,62.91,647.5,-310.6115525,-19.8,578.2214473,310.619469,62.75,487.75,407.75,162.75,455,997.75,84.5,74.5,27.7,24,18,90.1,18.4,23.4,7.9,48.2,9,15.6325
"2021/2/26",6350,61.5,66.13,577.5,-184.8851433,-12.12,767.2122075,523.0088496,-4.225,565.775,510.775,365.775,385,910.775,88.6,79.6,40.2,71,56,93.8,14.9,20.8,4.9,35.4,8,15.1506
"2021/3/5",6180,66.09,69.36,607.5,-294.5160585,-2.88,113.4305622,481.4159292,46.625,326.625,731.625,566.625,400,576.625,91.3,82,50.4,85,81,96.6,17,20.8,7.5,42,7.9,14.7906
"2021/3/12",5470,65.61,69.22,637.5,-272.5704189,0.04,-535.5499931,701.7699115,224.4,794.4,1064.4,969.4,505,714.4,93.9,85,57.9,91,88,95.5,18.2,21.4,9.4,47.1,7.4,14.085
"2021/3/19",5115,61.42,64.53,647.5,-172.988603,-0.36,-373.9853099,776.1061947,246.5,821.5,1176.5,1111.5,450,691.5,94.2,85.4,65.5,95,88,98.5,21.2,22.5,14.5,57.3,6.1,12.9996
"2021/3/26",5108,60.97,64.57,697.5,-323.2037216,-5.92,-346.7619743,743.3628319,137.32,612.32,927.32,812.32,455,392.32,92.6,85.6,65.5,95,90,99.4,24.3,25.1,17,66.1,6.3,11.8528
"2021/4/2",5205,60.35,63.72,742.5,-234.1153093,-12.24,-331.634836,909.7345133,81.5,431.5,846.5,721.5,450,301.5,93.7,86,65.5,95,89,98.9,23,25.5,16,62.5,6.2,11.7125
"2021/4/9",5145,59.32,62.95,749.5,-243.4295178,-5.64,-400.5631859,936.2831858,191.45,461.45,966.45,761.45,420,411.45,93.6,86.1,65.5,95,88,96.6,24.3,26.5,18,67.7,5.9,11.5128
"2021/4/16",5195,63.13,66.77,752.5,-250.3200744,-9.96,-508.9962664,971.6814159,9.5,139.5,704.5,529.5,310,219.5,94.2,85.8,65.5,95,86,96.6,22.4,26.7,14.8,61.9,6.2,11.9634
"2021/4/23",4795,62.14,66.11,806.5,-243.3319915,-5.34,-872.766337,785.840708,-15.2,124.8,884.8,689.8,235,264.8,93.7,85.9,65.5,95,85,94.2,21.5,26.6,13.9,61.5,6.5,11.8999
"2021/4/30",4705,63.58,67.25,850,-118.7604831,-6.84,-1007.040206,883.1858407,-71.7,58.3,658.3,323.3,270,298.3,94.5,88.5,65.5,95,85,97.4,20.5,26.4,12.4,57.5,4.9,11.718
"2021/5/7",4810,64.9,68.28,900,-73.71834412,-4.48,-965.5909056,936.2831858,-102.45,67.55,372.55,52.55,390,302.55,93.6,87.4,65.5,95,86,97.4,23.8,28.4,16,67.4,4.8,11.4192
"2021/5/14",4908,65.37,68.71,990,-212.4405909,1.64,-667.4012247,865.4867257,45.495,195.495,880.495,495.495,95,265.495,92.6,86.3,65.5,95,86,93.2,23.8,27.9,16.7,69.4,4.2,11.4824
"2021/5/21",4953,63.58,66.44,920,-139.8452537,0.22,-460.0424546,821.2389381,-15.305,84.695,554.695,299.695,185,194.695,90.9,84.3,65.5,94,84,92.9,24.2,25.5,17.8,70.9,3.6,11.817
"2021/5/28",4982,66.32,69.63,880,-14.94657371,2.3,-234.5380886,965.4867257,-107.545,-57.545,212.455,67.455,405,22.455,92.5,86.3,65.5,94,83,94.6,24.4,25.4,14.1,68.7,6.9,13.0425
"2021/6/4",5068,69.62,71.89,930,-28.15279067,5.32,-16.7833693,1031.858407,-74.18,-24.18,430.82,115.82,100,120.82,90.9,84.3,65.5,94,81,93.2,26,25.9,16.9,72.4,5.1,12.1806
"2021/6/11",4870,70.91,72.69,940,-190.6953019,-3.54,79.38866874,965.4867257,-18.725,31.275,511.275,296.275,165,201.275,91,87,65.5,94,80,92.4,23.5,22.4,14.4,65.3,7.1,12.012
"2021/6/18",4845,71.64,73.51,980,-89.54476187,-0.24,244.2256401,1018.584071,-44.4,-4.4,430.6,330.6,220,140.6,93.4,89.1,65.5,94,79,93.9,24.2,21.6,14.9,64.8,8.1,11.7684
"2021/6/25",5005,74.05,76.18,1030,-86.92430055,-3.42,256.4422411,1230.973451,-187.175,-137.175,122.825,77.825,305,67.825,92.8,89.1,64.8,94,77,92.5,22.8,19.1,12,55.8,7.1,11.2288
"2021/7/2",5045,75.16,76.17,980,-31.1564457,-4.18,24.65922216,1175.221239,-137.75,-137.75,182.25,-87.75,255,-17.75,93.1,89.5,64.8,94,84,94.1,19.6,18.8,8.2,50.4,8.3,11.0789
"2021/7/9",5015,74.56,75.55,990,-177.911295,-2.1,-113.3266806,1069.469027,-5.025,-105.025,584.975,244.975,295,164.975,93.5,90,64.8,94,84,95.3,20.4,18,8.5,50.7,8.2,11.033
"2021/7/16",5355,71.81,73.59,1030,-0.883163301,2.14,145.6744595,1135.840708,-133.7,-158.7,421.3,-8.7,295,-83.7,93.3,89.5,64.8,92,80,98,21,19.8,10,54.9,7.7,11.2893
"2021/7/23",5450,72.07,74.1,1085,195.1824355,-1.06,286.3099107,1268.584071,-263.475,-38.475,226.525,-273.475,335,-178.475,92.5,90.2,65.3,93,85,96.1,21.2,18.6,9.3,54.6,5.7,11.655
"2021/7/30",5520,73.95,76.33,1120,275.5595256,12.72,380.4144063,1423.451327,-248.725,-298.725,-28.725,-423.725,400,-228.725,91.5,90.7,65.3,94,83,88.4,20.7,18.6,8.4,54.1,5.5,12.1695
"2021/8/6",5472,68.28,70.7,1100,93.77985492,8.38,415.0230299,1312.831858,-199.47,-224.47,45.53,-289.47,390,-234.47,91.1,91.1,63.1,94,79,85.2,22.4,21.1,10.2,60.9,5.5,11.6608
"2021/8/13",5230,68.44,70.59,1050,128.8775753,13.56,267.4858117,1303.982301,-72.825,-87.825,-47.825,-372.825,475,-202.825,89.9,91.3,63.1,94,74,82.5,24.4,23.9,12.2,68.7,3.2,11.3274
"2021/8/20",4990,62.32,65.18,1050,20.79447121,1.84,16.17290366,1069.469027,67.475,167.475,142.475,-132.525,390,82.475,86.2,85.5,57,91,67,82.3,26.4,25.3,14.9,74.9,4.5,11.9818
"2021/8/27",5088,68.74,72.7,1125,-145.9371383,-8.0222,-26.11398609,1025.221239,-23.905,76.095,81.095,-98.905,445,-33.905,87.7,87.1,57,89,68,81.8,27.6,27.1,17,79.6,7.1,12.7165
"2021/9/3",5235,69.29,72.61,1180,-144.7847104,-7.02,-92.02857417,1030.973451,-37.65,62.35,92.35,-62.65,250,62.35,86.6,85.2,53,87,67,80,24.4,26.1,14.2,71,7.5,12.4704
"2021/9/10",5368,69.72,72.92,1240,-215.2199468,-10.42,-210.3084925,986.7256637,-29.605,70.395,225.395,-104.605,170,90.395,87.7,85.4,53,87,67,79.2,23.6,24.5,13.4,69,7,12.5411
"2021/9/17",5560,71.97,75.34,1540,-149.4563385,-12.58,-120.4866904,1119.469027,-106.375,-6.375,18.625,-206.375,230,43.625,86,84.1,52.2,85,62,74.4,24.6,23.2,13.9,68.2,7.5,11.782
"2021/9/24",5685,73.98,78.09,1560,-42.8586823,-4.395,-84.7578297,1163.716814,-205.125,94.875,-160.125,-395.125,210,-135.125,83.6,78.8,44.9,69,48,75.5,25.9,23.4,17.2,72,5.7,12.0384
"2021/9/30",6300,75.17,78.37,1750,81.94457714,8.144,469.2237014,1234.955752,-139.775,190.225,35.225,-154.775,435,45.225,81.1,75.7,40.1,40,45,71.1,22,16.9,11.9,56.4,5.5,12.976
"2021/10/8",6525,79.35,82.39,2000,160.837337,5.342,775.8867637,1400.442478,-175.925,274.075,24.075,-275.925,400,109.075,81.6,77.2,41,61,66,69.4,22.3,13.2,12.7,53.2,6,12.4032
"2021/10/14",6557,81.31,84,2350,63.39956153,6.68,654.238087,1383.185841,-28.095,521.905,691.905,336.905,655,391.905,81.7,76.3,41,56,60,72.5,22.5,10.3,12.7,50.7,6.8,12.4184
"2021/10/22",6295,83.76,85.53,2350,153.9943448,14.6,296.3470426,1300.884956,75.4,605.4,1060.4,655.4,825,305.4,82.9,78,40.7,55,65,77.1,23.3,8.3,14.7,52.9,6.1,12.0205
"2021/10/29",5640,83.57,84.38,1300,-24.47279763,13.84,-286.5336569,929.2035398,92.85,737.85,972.85,657.85,920,272.85,84.2,77.7,46.9,68,73,83.4,24.8,12.9,15.7,61.2,9,12.1248
"2021/11/5",5480,81.27,82.74,1120,-107.6702113,11.38,-327.2963223,830.0884956,66.8,791.8,751.8,371.8,860,276.8,84.6,78.5,46.9,79,82,83.7,27.3,15.3,19.6,70.1,11,11.3364
"2021/11/12",5230,80.79,82.17,1100,-141.1592653,11.48,-479.4907356,825.6637168,107.075,737.075,652.075,347.075,780,247.075,85.4,78.5,49.9,74,70,84.6,28.9,18.6,21,77.2,11.1,11.102
"2021/11/19",5053,75.94,78.89,1100,-180.8214087,6.76,-597.3272844,775.2212389,77.595,977.595,512.595,292.595,675,207.595,87.8,83.3,50.7,82,70,83.4,29,20.1,21.6,76.7,9.3,11.6774
"2021/11/26",5127,68.15,72.72,1100,18.55096224,28.44,-510.6183154,869.4690265,124.18,1124.18,339.18,-10.82,490,319.18,87.7,81.6,51.7,72,58,85.5,26.1,19.5,19.2,66.2,8,11.5764
"2021/12/3",4835,68.14,71.41,1100,-123.063155,18.42,-580.9354105,559.7345133,222.55,1302.55,517.55,122.55,430,412.55,85,77.1,55.6,81,64,81.8,27,22.4,21.2,73.6,9,11.73
"2021/12/10",4855,71.67,75.15,1100,62.26856871,22.2,-558.4412363,715.9292035,109.275,1189.275,229.275,-135.725,305,274.275,84.8,76.8,56.1,80,64,81.3,24.1,22,19.8,69.1,10.5,11.448
"2021/12/17",4985,70.86,73.52,1060,16.40572494,18.9,-424.9078228,724.7787611,97.1,1267.1,127.1,-182.9,330,337.1,83.7,75.8,55.6,73,59,81.5,23.5,21.5,19.6,68.6,12,12.1365
"2021/12/24",4852,73.79,76.14,920,38.60671495,16.74,-436.445638,764.6017699,58.405,1258.405,8.405,-336.595,320,253.405,84.5,76.5,55.1,74,59,82,21.8,21,18.8,65.3,11.5,12.844
"2021/12/31",4882,75.21,77.78,800,16.00917842,17.32,-410.8221526,819.4690265,86.555,1286.555,26.555,-288.445,355,176.555,84,76.5,54.9,73,56,83.8,20.1,16.4,17.8,57.7,9.5,13.608
"2022/1/7",5140,78.9,81.75,870,60.14707846,12.62,96.98851886,923.0088496,7.825,1027.825,-72.175,-357.175,360,112.825,85.4,76.2,53,71,52,84.6,18.1,15,14,51.1,7.5,14.0056
"2022/1/14",5285,82.56,85.57,960,68.30320879,15.08,349.6725706,1023.451327,48.025,1148.025,-101.975,-176.975,605,168.025,87.5,79.9,48.2,67,32,80.9,20.8,16.9,15,57.7,5.2,14.7
"2022/1/21",5170,85.14,87.89,1100,-42.24370823,16.78,246.1058287,961.5044248,102.05,1322.05,342.05,107.05,400,332.05,86.7,78.5,28.6,26,6,78.8,21.3,20,13.3,61.6,3.2,15.0858
"2022/1/28",5370,86.82,90.03,1180,-26.80856064,13.78,160.8572615,1017.699115,-80.075,819.925,84.925,-245.075,320,224.925,83.2,76,28,4,1,74,22.3,20.7,15.1,67.2,5.2,14.3104
"2022/2/11",5125,93.1,94.44,1130,-117.928216,17.1,-784.1115184,1116.814159,111.575,886.575,266.575,61.575,335,226.575,85.2,78.1,32.3,32,31,73,29,29.4,24.7,97.3,5.1,13.8024
"2022/2/18",4945,91.07,93.54,1000,-340.4249734,6.72,-1080.534613,801.3274336,115.55,790.55,485.55,265.55,285,280.55,89.8,82.6,51.6,67,50,85.8,30.9,31.7,27.6,104.5,8,14.2782
"2022/2/25",4960,91.59,97.93,900,-176.275079,1.74,-1108.727933,1032.743363,-43.575,626.425,121.425,-38.575,265,171.425,91.9,86.4,55.1,81,72,85,29,30,25.9,95.1,7.2,14.6121
"2022/3/4",5325,115.68,118.11,1450,-332.7794091,-15.86,-924.358448,1289.380531,-187.925,542.075,-222.925,-392.925,435,52.075,92.9,87,58.7,82,73,87.2,25.6,26.6,22,83.9,11,15.2356
"2022/3/11",5285,109.33,112.67,1600,-521.758854,-19.62,-1377.682925,1199.557522,-206.7,618.3,123.3,-6.7,365,13.3,93.3,87.9,59.7,90,76,82.7,25.8,26.8,22.9,86.4,11,15.3012
"2022/3/18",5167,104.7,107.93,1450,-275.2385279,20.82,-1403.175995,1156.637168,-148.195,681.805,-163.195,-193.195,450,-128.195,94,90.5,59.7,87,70,79.4,26.2,28.1,26.2,91.2,13,14.57
"2022/3/25",5090,110.5,113.75,1520,-215.4999029,33.1,-1611.41451,1360.176991,-140.35,639.65,-255.35,-440.35,345,-200.35,93.1,89.3,59.2,86,63,78.3,26.9,31.6,27.8,98.6,12.5,13.5926
"2022/4/1",5042,99,103.2,1285,-85.65932174,40.72,-1742.129172,1271.681416,-83.195,616.805,-323.195,-333.195,345,-153.195,91.8,87.3,57,82,60,71.7,26.2,32,26.8,97.8,11.5,12.9438
"2022/4/8",5020,95.94,100.21,1270,-107.7060508,33.74,-1528.790761,1271.681416,-80.1,419.9,-565.1,-395.1,475,-95.1,88,84.4,52.3,70,37,66.7,31.1,36,30,109.7,14.1,11.44
"2022/4/15",4830,106.95,111.7,1185,-192.6235978,18.66,-1594.48929,1360.176991,-19.05,580.95,-324.05,-334.05,210,-54.05,79.6,72.2,43.6,53,37,61.5,29.8,36.6,31.2,110.4,13.5,11.0644
"2022/4/22",4920,101.61,106,1160,-136.8945626,28.28,-1437.849171,1404.424779,-71.875,478.125,-376.875,-271.875,230,-106.875,79.9,71.1,46,60,55,63.2,30.8,36.4,32.3,112.3,13.2,11.3458
"2022/4/29",4805,105.8,108.17,1170,-129.3681946,31.58,-1468.72934,1326.548673,-115.225,409.775,-745.225,-715.225,330,-85.225,79.3,70.2,45.5,66,59,61.6,26.8,33.1,25.8,96.1,13,11.4985
"2022/5/6",4900,110.27,112.99,1200,-48.44879977,24.32,-1170.323059,1481.415929,-100.3,499.7,-385.3,-300.3,55,119.7,80.5,70.2,45.5,72,58,57.7,27.5,32.5,26.5,96.6,12.5,11.6725
"2022/5/13",5015,110.42,111.49,1250,-472.6094857,-1.4,-954.173692,1636.283186,-126.275,598.725,-361.275,-501.275,30,83.725,81.2,71.9,46.8,78,63,65.7,27,33,27.8,97.8,13.5,12.0176
"2022/5/20",4877,109.44,109.55,1265,-451.1001865,1.67,-908.4335909,1724.778761,-9.97,715.03,-189.97,-234.97,80,25.03,81.9,73.4,47.4,75,59,67.2,27.7,35.7,29.7,102.6,13,12.6945
"2022/5/27",4783,114.4,114.4,1245,-292.8725889,13.7678,-841.9096717,1674.778761,-25.505,674.495,-190.505,-300.505,130,-15.505,83.1,73,47.4,64,52,74.3,27,35.6,29,101.4,13.3,12.9636
"2022/6/3",4920,120.26,121.27,1300,-688.8914779,-32.98,-630.3090452,1741.150442,59.175,759.175,59.175,-140.825,-35,24.175,84,72.2,47.9,55,48,78.2,26.6,34,27.4,98.1,13.6,12.432
"2022/6/10",5122,121.37,122.95,1350,-22.48629943,32.42,-279.8167192,2234.070796,-159.295,470.705,-209.295,-379.295,-110,-14.295,85.5,73.2,53,71,61,80,25.3,32.9,26.7,95.2,12,12.2265
"2022/6/17",5097,116.02,117.58,1330,-28.11115894,32,-213.079379,1806.637168,-20.745,579.255,19.255,-170.745,-70,104.255,84,73,53.7,68,59,78.9,28.1,36.1,30.4,105.7,11.9,12.096
"2022/6/24",4450,105.13,107.13,1235,-102.3844,15,-756.0728355,1496.902655,119.6,519.6,149.6,34.6,-155,189.6,84.2,74.1,53.7,60,56,77.7,30.6,38.6,33.1,114,13,12.0406
"2022/7/1",4313,108.25,111.787,1265,-150.9901965,26.3378,-775.729551,1458.40708,257.87,707.87,27.87,142.87,5,377.87,81.9,71,50.6,53,52,76.9,28,37.5,30.3,105.6,12,11.7117
"2022/7/8",4417,101.8,104.03,1240,-7.467604372,27.62,-598.8000017,1292.920354,-111.17,663.83,-336.17,-196.17,40,163.83,79.5,66.1,46.4,50,50,83.7,29,35.7,33.4,107.5,9.5,12.4815
"2022/7/15",4190,93.03,99.73,1260,-132.7491491,26.14,-638.8810319,894.6902655,357.05,1457.05,52.05,122.05,160,577.05,76.8,62.6,43.8,47,51,83.1,29.6,36.1,33.3,109.9,9.5,13.1328
"2022/7/22",4220,96.32,104.12,1230,-353.5955784,8.52,-656.4544447,1111.061947,345.05,1470.05,135.05,145.05,20,400.05,78,63.1,43.5,63,53,85.2,26.6,33.5,28.5,98.4,9,13.728
"2022/7/29",4393,98.4,103.8,1170,-214.2395509,10.3578,-401.8011406,1265.929204,162.845,1262.845,12.845,52.845,40,107.845,79,64.9,47.4,66,55,86.4,24.8,32.1,25.8,93.1,10,13.667
"2022/8/5",4065,88.78,94.52,1145,-111.645876,20.02,-662.2258689,1115.486726,312.2,1532.2,217.2,217.2,75,272.2,81.1,66.9,47.8,66,53,86,26.5,33.4,27.5,99,8.6,13.8681
"2022/8/12",4115,94.55,100.14,1150,-83.01376558,16.08,-481.1034755,1133.185841,33.3,1383.3,-76.7,-101.7,85,-6.7,82.3,68.7,46.4,42,39,85.7,27.5,32.2,29.1,100.9,9.3,14.4848
"2022/8/19",3870,89.23,94.89,1165,-90.95089622,22.1,-760.8839995,976.9911504,162.1,1212.1,202.1,197.1,135,67.1,81.2,68.8,44.4,47,44,80.8,29.7,32,31.5,106.3,11,13.7228
"2022/8/26",3967,93.33,99.29,1225,79.4349158,24.46,-864.5537796,971.2389381,-12.77,1467.23,47.23,32.23,140,-17.77,82,68.9,45,62,55,81.6,26.4,32.2,27.6,98.5,8.1,14.186
"2022/9/2",3967,88.72,94.53,1310,284.7846398,26.0156,-1404.250074,800.4424779,-152.62,1107.38,-82.62,-82.62,210,-212.62,84,72.8,52,77,66,80.6,24.8,31.4,25.5,95.3,6.5,14.028
"2022/9/9",4340,86.1,92.4,1381,309.5915035,28.2022,-1155.108202,950.8849558,-261.475,688.525,-126.475,-81.475,190,-191.475,83.3,73.1,52.2,82,70,73.9,25.5,30.4,28.4,98.1,4.9,13.9111
"2022/9/16",4320,84.4,90.7,1450,349.1977982,17.1,-1053.317168,953.9823009,-250.35,552.65,-125.35,-110.35,210,-200.35,84.3,75.1,53.6,76,71,75.9,26.9,30.7,29.9,101.1,6.5,12.8979
"2022/9/23",4300,81.78,87.8,1510,387.8283656,14.36,-793.7244048,953.9823009,-269.3,313.7,-269.3,-224.3,230,-189.3,83.9,73.6,53.6,77,69,73,28.5,32.8,31.7,106.6,7.6,13.1723
"2022/9/30",4228,79.49,87.96,1541,-161.7632454,12.76,-697.904343,1005.309735,50.37,410.37,-219.63,-149.63,220,70.37,83.4,74.3,53.3,76,68,74.4,27.6,31.8,28.3,98.1,6,12.927
"2022/10/14",4045,87,92.14,1594,-250.2536777,14.36,-932.1266403,905.3097345,227.1,346.1,57.1,192.1,175,482.1,83.6,72.8,53.7,72,74,78.4,29,31.9,30,104.2,5.2,13.1252
"2022/10/21",4045,84.2,90.3,1630,27.93522282,31.9772,-983.9188115,897.7876106,145,-48,-185,-50,205,265,84.1,73.1,53.7,74,74,82.4,28.8,31.5,31.1,103.7,4,12.5309
"2022/10/28",3818,87.89,94,1620,-119.7020196,30.74,-1239.89651,823.8938053,376.02,43.02,-38.98,66.02,185,481.02,84.1,73,53.5,71,66,82.4,29.8,32.1,31.2,106,3.5,12.3627
"2022/11/4",3937,90.8,97,1574,-541.1756388,5.5328,-1216.600198,620.3539823,127.53,54.53,-622.47,-262.47,410,427.53,82,69.3,49.6,63,56,82.8,27.7,30.8,26.8,96.3,5.5,12.382
"2022/11/11",3870,89,96,1520,-381.587438,7.9022,-1269.892974,584.9557522,33.025,34.025,-696.975,-341.975,360,268.025,79.5,64.8,42.5,60,52,83.5,25.5,30.7,23.9,90.3,4.6,12.243
"2022/11/18",3830,81.5,89.5,1460,9.028431236,15.08,-1286.037311,496.460177,-74.95,-17.95,-704.95,-364.95,100,100.05,77.6,61.6,40.9,57,49,83.5,27.2,30.6,25.1,94,4,12.3384
"2022/11/25",3893,79,86,1282,-230.9267119,15.8578,-1237.396052,363.7168142,18.995,220.995,-506.005,-216.005,45,63.995,75.3,60,37.8,55,46,83.5,27.6,30.3,26.6,96.9,5,13.1022
"2022/12/2",3895,81.2,87,1371,-152.1140407,25.8822,-1189.251227,337.1681416,108.025,288.025,-301.975,-61.975,-135,58.025,71.6,55.8,34.7,48,35,79.4,26.7,28.3,25.6,93.6,5.5,12.3152
"2022/12/9",3995,72,76.5,1363,-267.8779628,5.6578,-1034.016393,204.4247788,78.425,278.425,-96.575,148.425,-50,113.425,69.2,53.9,34.6,52,47,76.6,22.7,24.3,23,81.6,5.2,12.3176
"2022/12/16",4045,75,80,1340,-143.5127389,2.95,-904.965903,337.1681416,-27.725,221.275,-102.725,152.275,145,177.275,67.9,51.9,34,65,58,76.6,19,18,18.6,66.9,8,12.2899
"2022/12/23",3908,79,82.3,1285,-73.41266514,4.3822,-1043.041247,313.7168142,-3.13,207.87,-93.13,146.87,145,151.87,66.8,49.7,30.9,52,40,76.6,19.6,18.8,19.1,69.7,7,11.9572
"2022/12/30",4010,80.26,85.91,1225,-67.94038173,2.34,-931.7593283,357.9646018,-30.05,169.95,-140.05,99.95,145,114.95,66,47.5,29,26,25,75.6,18.5,21.2,13.6,67.1,7.5,12.936
"2023/1/6",3965,73.7,78.7,1205,-285.9596586,-2.8278,-755.8967555,313.7168142,131.675,284.675,196.675,421.675,145,211.675,67.5,49.3,24.7,14,14,82,17.8,22.2,11.9,67.2,8.5,14.2425
"2023/1/13",4198,78.77,84.4,1238,-213.8656616,-11.6,-304.0963978,402.2123894,-30.205,174.795,-35.205,204.795,120,-0.205,66.1,47.7,21.2,4,1,71.9,14.6,20.2,8.7,55.7,8.8,15.4013
"2023/2/3",4120,76.2,82.4,1150,-333.8667563,-13.38,-671.7061918,408.4070796,68.9,198.9,213.9,408.9,25,188.9,67,51.9,21.2,24,22,68.9,20.5,25.8,14.6,78.6,12.5,13.333
"2023/2/10",4035,80,86.6,1050,-425.8571057,-9.6878,-917.4386093,225.6637168,49.975,309.975,174.975,354.975,125,104.975,78,67.6,41.2,72,64,73.8,22.5,27.1,16.5,83.7,13,13.494
"2023/2/17",4140,76.75,83.11,1026,-364.7064935,-2.97,-1058.556485,181.4159292,-26.65,337.35,83.35,213.35,45,108.35,83,74.1,44,87,71,75,24.7,28.1,18.4,85.1,11,14.774
