"date","y","x1","x2","x3","x4","x5","x6","x7","x8","x9","x10","x11","x12","x13","x14","x15","x16","x17","x18","x19","x20","x21","x22","x24","x25","x26","x27","x28","x29","x30"
"2019/1/4",5160,47.96,57.06,570,345.226391,29.14,1300,240.8059513,0.714019562,0.997887993,-219.8275862,213.8,68.8,-81.2,478.8,490,688.8,84.8,75.7,82.3,48.8,76,65,4.7,15.6,16.7,13.1,620,78.5,15.1
"2019/1/11",5115,51.59,60.48,565,28.2960007,4.46,1227,233.8785461,0.72892408,0.982399944,-155.1724138,175.625,275.625,-154.375,395.625,480,680.625,83.9,75.1,81.8,48.8,72,57,0.2,12.5,13.5,6.7,624,83.4,14
"2019/1/18",4985,53.8,62.7,570,85.49305354,3.8,1077.9,-269.6723359,0.760596181,0.940863811,-155.1724138,172.15,322.15,-137.85,442.15,470,677.15,81.9,71.7,78,47,66,50,1.4,11.1,13.8,6.5,606,90.2,13.5
"2019/1/25",5070,53.69,61.64,565,246.8432191,4.84,1166.4,-573.1861432,0.769911504,0.962687881,60.34482759,218.4,378.4,108.4,628.4,460,698.4,78.3,62.9,71.7,29,17,9,0,9.2,13.8,3.8,618,89.3,14.8
"2019/2/1",5110,56.34,62.75,570,364.039203,26.26,1198.4,-682.8390164,0.800652073,0.957053665,60.34482759,98.125,323.125,-11.875,508.125,460,578.125,74,62.1,67.5,29,10,5,2,11.1,18,5.5,627,92.4,17.8
"2019/2/15",5010,55.59,66.25,570,-51.39350257,20.04,1069.9,-1315.869449,0.836050303,0.937384965,-11.20689655,341.75,466.75,216.75,736.75,470,776.75,78.6,62.1,73,29,20,34,5.9,14.2,27.2,11.6,608,115.4,16.5
"2019/2/22",4980,57.26,67.12,575,-17.15121754,12.12,996.5,-1306.9003,0.805309735,0.942975818,-118.9655172,201.15,401.15,201.15,601.15,450,726.15,85.4,71.7,82.7,29,50,45,7.6,16.8,27.8,14.8,610,119.1,15.4
"2019/3/1",5125,55.8,65.07,600,18.89523609,9.48,1086.8,-839.1148455,0.762459245,0.961103876,-205.1724138,18.375,393.375,-211.625,223.375,590,418.375,86.6,75.7,84.5,84,81,75,6,18,28.6,15.4,629,120.6,15.4
"2019/3/8",5230,56.07,65.74,640,251.2154509,24.1,1060.3,-313.5992997,0.759664648,0.957935865,96.55172414,145.1,345.1,250.1,415.1,215,510.1,88.5,80.1,86.7,54,87,84,5.2,11.5,22.9,9.8,650,131.5,14.8
"2019/3/15",5130,58.52,67.16,628,195.7404186,17.02,1036.5,-578.6842069,0.770843037,0.950825443,95.68965517,93.375,368.375,338.375,538.375,250,571.375,90.5,83.6,88.9,60,89,85,6.4,14.2,24.2,10.3,641,130.1,14.6
"2019/3/22",5110,59.04,67.03,625,444.5353698,43.32,1014.7,-699.4251233,0.837447601,0.966489493,131.0344828,89.2,489.2,604.2,734.2,135,579.2,90.5,83.9,89.3,60,89,85,6.6,13.4,23.3,8.9,639,135.6,15.2
"2019/3/29",4815,60.14,68.39,624,517.5036273,42.66,722.8,-602.822416,0.850954821,0.954521454,202.5862069,118.975,593.975,608.975,593.975,95,553.975,92.9,86.1,92.1,60,89,85,7.8,13.3,22.5,9.1,605,135.7,15
"2019/4/15",4700,63.4,71.18,634,680.5665359,50.12,572.6,-753.2289744,0.792081975,0.909887712,544.0265487,172,672,667,547,170,621,92.3,84.5,90,60,89,80,6.6,12.5,22.4,8.6,598,143.5,14.5
"2019/4/26",4467,63.3,72.15,618,1120.246916,102.34,337.6,-692.6664933,0.714764788,0.919567743,300.6637168,94.755,494.755,479.755,269.755,50,634.755,93.2,85.5,91.2,60,85,78,8.8,16,24,13.8,569,140.9,14.4
"2019/5/5",4535,61.94,70.85,620,1365.25822,128.74,402.4,-535.8240605,0.69958081,0.957935865,278.539823,12.775,337.775,172.775,-27.225,225,457.775,93.8,85.7,91.7,60,85,70,11,17.2,26.5,13.5,583,135,14.4
"2019/5/10",4525,61.66,70.62,620,1392.678034,116.38,394.5,-804.5949584,0.69958081,0.927663769,237.1681416,-101.625,-101.625,-121.625,-226.625,320,298.375,91.5,84.5,90,60,76,65,12.3,18.3,26.9,13.3,569,136.1,14.8
"2019/5/17",4240,62.76,72.21,620,1022.437906,127.4,108,-1149.969066,0.69958081,0.889471646,109.7345133,94.1,64.1,109.1,-145.9,305,704.1,89.9,81.7,87.9,60,72,65,14,19.6,26.7,16.2,525,133.9,14.9
"2019/5/24",4315,58.63,68.69,616,390.692154,73.16,187,-1263.043072,0.715416861,0.916223732,140.7079646,9.225,109.225,39.225,-90.775,530,519.225,87.9,80.5,86.3,57.4,71,65,16.3,20.4,26.2,16.5,536,131.1,14.4
"2019/5/31",4360,53.5,64.49,602,535.0887128,61.36,280.8,-589.6269711,0.700046577,0.906543701,440.7079646,-40.05,309.95,99.95,74.95,325,239.95,88.5,80.8,86.7,57.4,79,69,12.6,12.2,20.8,7.3,546,133.8,14.3
"2019/6/5",4275,51.68,60.63,595,670.905701,68.04,221.85,-535.0592545,0.643688868,0.890985251,352.2123894,-8.975,266.025,191.025,66.025,175,101.025,89.5,81,87.1,57.4,74,69,13.4,13.6,21.2,9.1,528,133.3,14.3
"2019/6/12",4282,51.54,59.97,595,547.4815151,51.92,223.9,-350.1850815,0.659524918,0.86564117,396.460177,0.205,200.205,320.205,225.205,80,150.205,91.1,82.9,89.4,57.3,81,73,8.8,12,20.5,6.5,527,135.3,14.3
"2019/6/20",4405,56.65,64.45,594,1065.056567,77.1,369.8,-86.31693339,0.620866325,0.872153191,738.9380531,125.55,175.55,255.55,105.55,60,225.55,91.5,83.8,90.6,57.3,89,77,6,7.1,15,3.4,539,130.8,14.3
"2019/6/27",4470,59.43,66.55,603,1300.109055,85.32,424.9,69.53892375,0.644434094,0.882009222,659.2920354,232.5,7.5,292.5,122.5,90,402.5,92.9,84.3,91.1,57.3,89,79,4.1,6.5,12.8,2.7,535,125.1,14.3
"2019/7/5",4410,57.51,64.23,613,1637.438998,117.58,344.7,-120.5269911,0.6647415,0.923721356,935.3982301,442.475,-7.525,607.475,292.475,100,512.475,93.2,84.6,91.5,57.3,85,78,2.8,8.3,13.1,3.5,545,118.2,14.1
"2019/7/11",4245,60.2,66.52,604,1398.876691,63.92,200.7,-329.1763406,0.677224034,0.942447816,859.2920354,51.375,-73.625,291.375,-113.625,-110,261.375,91.1,81.8,87.9,57.3,82,74,3.7,11,15.9,6.5,527,118.8,14.1
"2019/7/19",4440,55.63,62.47,594,1314.846486,82.3,417.1,-310.5900489,0.675360969,0.950895843,483.1858407,-173.9,-73.9,196.1,-353.9,5,186.1,88.3,78.7,85.6,51.7,78,70,4.5,13.4,17.9,8.5,543,110.6,16.7
"2019/7/26",4430,56.2,63.46,592,620.3668639,54.94,407,-329.3879654,0.663251048,0.966559893,317.699115,132.225,82.225,397.225,-167.775,-50,287.225,86.7,78.5,85.3,51.7,66,57,7.2,14.4,18.5,10.7,541,104.1,16.9
"2019/8/2",4370,55.66,61.89,594,458.9371274,44.08,358.8,-804.2795957,0.672819566,0.976239924,384.0707965,483.825,358.825,733.825,308.825,-110,403.825,86.3,77.5,85.1,47,63,62,5.5,13.2,16.6,10,533,102.7,16.5
"2019/8/9",4390,54.5,58.53,584,375.6124334,38.6,390.3,-807.623609,0.676511306,0.997887993,118.5840708,288.275,238.275,578.275,148.275,-40,218.275,87.7,77.8,85.5,47,65,62,6.7,12.4,17.5,7.6,523,108.1,15.8
"2019/8/16",4497,54.87,58.64,577,450.0995412,43.6,534.6,-825.5092658,0.673742501,0.981519941,345.5752212,379.755,154.755,614.755,289.755,-5,324.755,88.9,79.2,86.8,47,80,68,-1.8,7.9,12.2,4.8,537,107.2,15.1
"2019/8/23",4525,54.17,59.34,586,346.5850628,42.56,562.6,-515.0781918,0.630364559,0.930127776,190.7079646,297.975,197.975,717.975,362.975,-5,347.975,90.1,80.2,86.9,53.6,83,75,0.8,9.5,14.4,6.4,538,91.8,14.6
"2019/8/30",4605,55.1,59.25,581,317.6681066,21.24,644.3,-498.762903,0.559298569,0.955471858,168.5840708,246.175,171.175,631.175,251.175,55,226.175,92.2,82.3,89.5,53.6,76,75,3.5,11.2,14.8,6.3,540,95.3,13.8
"2019/9/6",4730,56.52,61.54,579,432.222433,30.2,768,-261.6167905,0.604060914,0.968143898,279.2035398,235.25,85.25,580.25,135.25,10,185.25,92,81.8,88.5,54.5,82,76,0,10,13.4,4.2,549,89.2,12.9
"2019/9/20",5125,58.09,64.28,585,165.2603333,9.36,1173.5,213.914981,0.668204892,0.892111655,367.699115,352.55,252.55,752.55,167.55,25,622.55,92.1,82.6,89.5,54.5,80,71,1.1,11.5,13.8,5.6,606,74.2,14.8
"2019/9/27",5125,55.91,61.91,585,151.2037263,17.66,1191.5,421.756325,0.659898477,0.908479707,240.7079646,165.375,15.375,545.375,10.375,100,240.375,92.8,83,90,54.5,80,70,2.9,12.5,14.2,6.9,600,65.6,15.2
"2019/10/8",5185,52.63,58.24,585,225.8235057,17,1251.5,504.901598,0.764190125,0.929247774,343.5840708,51.875,-23.125,246.875,-193.125,245,26.875,92.8,83,90,54.5,80,70,8,15.8,17.6,9.2,602,63.7,15.2
"2019/10/11",4960,54.7,60.51,584,164.3845066,3.42,1047.3,537.2435826,0.674665436,0.941919814,299.3362832,72.975,47.975,167.975,-292.025,315,97.975,92.4,82.2,89.2,53.9,75,69,7.2,15.2,16.5,8.4,565,63.9,13.8
"2019/10/18",4650,53.78,59.42,579,141.170336,-0.08,769.9,533.3361339,0.655283802,0.892639656,147.3451327,117.9,142.9,357.9,-147.1,190,312.9,91.6,81.8,88.7,53.9,73,68,8.7,16.3,17.7,9.5,545,61.1,13.3
"2019/10/25",4668,56.66,62.07,572,81.36316596,-5.36,799.1,465.0942388,0.585140748,0.867295575,70.3539823,-66.755,83.245,28.245,-141.755,365,218.245,90.7,82,89,53.9,72,72,5.5,14.1,16.7,9.1,547,58.4,13.7
"2019/11/1",4590,56.2,61.69,567,53.93612243,-8.76,725.5,187.704886,0.706045224,0.895983667,120.3539823,49.15,74.15,99.15,-185.85,315,214.15,88.9,81.6,88.4,53.9,76,75,6.9,15,16.8,8.6,545,59,13.8
"2019/11/8",4505,57.24,62.51,551,-11.86801982,-13.76,661,-7.126438898,0.717120443,0.908303707,209.7345133,25.3,175.3,175.3,-214.7,315,250.3,89.7,81.6,88.4,53.9,76,73,7.3,15.5,16.3,9.5,534,56.5,12.7
"2019/11/15",4703,57.72,63.3,551,-19.48855644,-14.42,830.2,1.944094423,0.754960775,0.913583723,171.2389381,-145.305,29.695,74.695,-330.305,280,29.695,90.3,82.2,89.1,53.9,75,69,5.5,13.6,14.7,8.8,545,51.4,12.2
"2019/11/22",4645,57.77,63.39,552,-1.354578122,-19.04,757.4,-188.103043,0.75588371,0.922383752,265.4867257,-140,10,155,-205,220,95,90.5,82,88.9,53.9,75,68,4.7,11.4,12.8,9,540,50.2,11.8
"2019/11/29",4700,55.17,62.43,552,-76.6626921,-26.68,799.2,-13.07009676,0.775265344,0.90302369,265.4867257,-107.125,-7.125,147.875,-257.125,250,42.875,89.3,81.9,88.7,53.9,73,64,5.3,13,14.2,9.5,554,43.7,11.5
"2019/12/6",4752,59.2,64.39,552,-133.6950321,-28.94,816.7,311.2398604,0.696815874,0.928895772,309.7345133,-78.82,-3.82,51.18,-193.82,305,91.18,89.1,80.9,87.5,53.9,72,62,3.5,12,14.2,8.5,552,44.9,11.3
"2019/12/13",5440,60.07,65.22,547.5,-68.61213712,-32.24,1534.7,1164.83312,0.733733272,0.928895772,286.7256637,-156.325,-56.325,-161.325,-266.325,270,93.675,87.3,78.5,84.5,53.9,72,62,0,9.9,12.7,7,593,41.2,10.5
"2019/12/20",5215,60.44,66.14,547.5,-150.547822,-33.18,1309.7,833.884712,0.772958006,0.928895772,319.4690265,81.875,31.875,51.875,6.875,315,236.875,85.6,77.7,83.9,52,72,62,0,8.8,12,7,570,39.4,10.8
"2019/12/27",4962,61.72,68.16,549.5,-273.8876771,-42.6,1056.8,598.0225641,0.729118597,0.985215953,375.2212389,73.88,-1.12,93.88,23.88,315,198.88,84.9,77.1,83.9,52,69,55,0.6,10.1,12.5,7.6,565,50.9,10.9
"2020/1/3",5035,63.05,68.7,552.5,-191.8838404,-37.04,1167.35,608.5803862,0.741116751,0.985215953,397.3451327,82.975,-17.025,87.975,32.975,435,182.975,83.7,74.9,81.3,48.3,61,48,0,10.5,13.5,8.4,571,49.6,11.2
"2020/1/10",5385,59.04,64.98,557.5,-79.32038029,-29.88,1493.15,820.8621576,0.75588371,0.985215953,441.5929204,58.475,33.475,168.475,53.475,390,183.475,79.6,69.8,75.7,45.6,45,30,-1,8.5,12.9,6.5,607,44.5,12.5
"2020/1/17",5200,58.54,64.85,559.5,-4.649787771,-28.56,1310.5,458.5350897,0.795569912,0.94702383,375.2212389,15.525,-9.475,175.525,30.525,415,125.525,77.7,61.7,71.6,20.6,10,6,1.4,9.1,15.7,7,590,43.3,13.4
"2020/2/14",4330,52.05,57.32,573.5,-209.5688139,-29.72,383.3,106.2626149,0.772140632,0.982223943,65.48672566,405.85,285.85,850.85,705.85,480,575.85,59.5,45.5,53.2,13.3,5,4,16.4,22.2,33.5,22.4,522,71.6,13.8
"2020/2/21",4417,53.38,58.5,573.5,-201.1544458,-29.34,487.19,185.5302846,0.703159769,0.982223943,21.23893805,279.68,304.68,789.68,504.68,260,299.68,60.9,47,54.5,16,10,14,8.7,24,35.7,26.2,530,64.6,15.8
"2020/2/28",4280,44.76,50.52,570.5,-114.7338538,-24.08,373.8,135.0141809,0.696929239,0.977823929,-155.7522124,335.05,435.05,455.05,385.05,495,505.05,64.1,50,57.2,20.2,21,33,10.5,26.7,36,29.4,512,73.8,18.1
"2020/3/6",4185,41.28,45.27,568.5,-12.2091129,-15.78,294.75,66.99146567,0.654334421,0.919919744,-222.1238938,253.4,403.4,433.4,443.4,485,398.4,72.6,59.2,66.5,28.5,58,56,7.8,25.7,31.7,28.5,509,85,18.4
"2020/3/13",3920,31.73,33.85,560.5,-125.3457455,-23.26,71.8,32.05659141,0.773304316,0.911119716,-298.2300885,297.65,397.65,567.65,532.65,550,617.65,80,72.5,77.4,52.3,67,65,9.6,27.4,32.1,29.1,475,95.1,18.4
"2020/3/20",3605,22.63,26.98,552.5,-46.0706242,-1.12,-195.75,-9.313178445,0.782734857,0.911119716,-107.9646018,322.5,522.5,577.5,497.5,580,742.5,81,73.2,78.2,52.3,81,73,9.5,29.2,32.8,30.3,428,105,19.3
"2020/3/27",3130,21.51,24.93,543.5,-0.203332,5.94,-613.6,-252.6230013,0.765324628,0.911119716,-217.699115,281.25,681.25,11.25,-143.75,705,751.25,83.9,73.5,78.6,52.3,78,69,10.8,30.5,33.2,31,368,110.7,19
"2020/4/3",3295,28.34,34.11,527.5,41.56739738,-12.84,-420.36,329.0341973,0.702937976,0.916751734,-172.5663717,93.725,598.725,-96.275,-81.275,435,388.725,83.4,72.7,78,50.2,66,41,9.7,22.1,26.6,18.4,381,117.1,19.3
"2020/4/10",3385,22.76,31.48,502.5,176.4027922,-6.8,-276.95,455.0322088,0.67174465,0.932415784,70.79646018,210.325,710.325,155.325,175.325,410,940.325,84,72.3,77.4,51.1,76,57,3,17.2,22.8,14.4,402,123.5,20.6
"2020/4/17",3440,18.27,28.08,489.5,122.525788,-10.86,-170.1,735.0966259,0.589046065,0.932415784,-40.7079646,373.125,773.125,-51.875,-116.875,345,1313.125,87.8,74.4,79.9,51.1,74,53,-0.3,18.9,25.1,16.7,407,125.7,19.8
"2020/4/24",3275,16.94,21.44,477.5,55.29424566,-5.58,-304.95,658.9520694,0.567283279,0.932415784,-372.5663717,143.175,818.175,-106.825,-156.825,360,848.175,87,73.8,79.2,51.1,74,53,1,19.2,25.9,17.8,380,125.3,18.8
"2020/4/30",3455,24.7,29.2,467.5,90.94093995,-15.2,-80.15,614.692209,0.665215814,0.932415784,-284.0707965,114.475,664.475,-45.525,-10.525,335,524.475,87.5,73.8,79.2,51.1,67,48,1,17.4,23.7,16.9,410,117.4,18.8
"2020/5/8",3505,24.74,30.97,467.5,122.3630426,-13.4,-28.35,340.6266735,0.610083424,0.918511739,-129.2035398,165.85,665.85,210.85,365.85,280,680.85,89.3,72.8,78.5,48.8,73,63,1.2,14,23.1,16,408,125.9,19
"2020/5/15",3540,29.43,32.5,487.5,173.6973182,-5.1,-21,-136.5130298,0.517228872,0.911647717,-217.699115,28.475,653.475,-61.525,103.475,405,588.475,89.4,73.5,79.3,48.8,72,68,-1,15.5,23.4,15.7,414,129.9,18.5
"2020/5/22",3560,32.25,35.13,532.5,243.784546,4.24,-77.8,-578.2683327,0.557852738,0.911647717,25.66371681,215.55,765.55,180.55,475.55,305,735.55,89.3,73.3,79.1,48.8,77,70,1.2,13.5,21.7,13,415,132.8,18.4
"2020/5/29",3573,35.49,37.84,547.5,344.0769616,7.16,-126.99,-720.9727189,0.563656148,0.932239783,-40.7079646,110.545,660.545,140.545,260.545,275,615.545,90,74.5,80.5,48.8,78,72,3,15.4,20.9,13,415,137.7,18.4
"2020/6/5",3627,39.55,42.3,546.5,296.0867814,-11.98,-101.51,-755.5341179,0.552412042,0.922735753,114.159292,177.68,652.68,197.68,377.68,185,632.68,90.6,75,81.2,48.8,78,71,-2.3,14.2,21.1,12.7,425,138.1,18.2
"2020/6/12",3485,36.26,38.73,562.5,142.9356042,-25.84,-284.05,-1310.403997,0.585781647,0.922735753,92.03539823,243,693,388,523,225,728,91.7,77.4,84.2,48.8,79,69,-1.9,15.6,21.7,13.5,413,138.3,18.3
"2020/6/19",3597,39.75,42.19,567.5,-77.90616128,-56.48,-201.11,-1282.826524,0.602466449,0.913055722,47.78761062,95.63,495.63,215.63,265.63,205,480.63,90.7,76.6,83.1,48.8,79,68,0,17.4,24.2,15.7,427,137.2,18.4
"2020/7/3",3510,40.65,42.8,579.5,88.19549782,-26.4,-333.5,-1291.205391,0.594849474,0.929599775,42.92035398,-11.75,488.25,-71.75,-136.75,200,333.25,92,77.5,84.8,46,73,64,4.5,18.9,27.8,17.1,420,140.4,17.6
"2020/7/10",3390,40.55,43.24,592.5,10.63305783,-26.4,-484.5,-1329.501345,0.58034095,0.916927734,-39.82300885,-31.775,543.225,-251.775,-346.775,260,323.225,92,77,84.8,43.3,72,62,6,19.3,29.6,18.9,412,146.3,17.8
"2020/7/17",3475,40.59,43.14,589.5,12.89295602,-27.72,-391.85,-1240.790009,0.574537541,0.932767785,10.17699115,-68.8,406.2,-373.8,-268.8,295,221.2,90.9,75.2,82.6,43.3,69,53,7.4,18,31.7,20.7,417,148.3,18
"2020/7/24",3600,41.29,43.34,572.5,-28.2840764,-33,-214.9,-1097.788889,0.597751179,0.932767785,204.4247788,-64.95,285.05,-369.95,-214.95,130,160.05,91.5,75.3,82.7,43.3,74,64,5.3,16.3,29.4,17.5,431,151.4,18.1
"2020/7/31",3677,40.27,43.3,572.5,67.79914821,-28.38,-137.81,-970.1410191,0.577439246,0.932767785,248.6725664,-87.77,167.23,-317.77,-162.77,95,107.23,91,74.9,82.2,43.3,77,66,6.6,16.8,28.6,16,441,148.1,17.3
"2020/8/7",3720,41.22,44.4,562.5,147.7604614,-29.04,-33.6,-681.0934021,0.530286543,0.929582175,315.0442478,-87.025,162.975,-262.025,-7.025,65,212.975,90.1,74.2,81.4,43.3,79,70,2.8,17.3,27.5,15.3,445,147.3,17.1
"2020/8/14",3710,42.01,44.8,557.5,48.40491229,-30.64,-41.6,-619.246353,0.559303591,0.929582175,265.0442478,-40.925,209.075,-110.925,-20.925,50,254.075,90.1,74.3,81.6,43.3,81,74,4.3,18.8,29.4,17.6,447,148.7,17.4
"2020/8/21",3710,42.34,44.35,562.5,51.80144198,-21.68,-54.1,-492.842984,0.568008705,0.904590095,220.7964602,-56.725,223.275,-206.725,-66.725,195,213.275,90.9,75.1,82.5,43.3,75,72,4.4,20.3,29.8,18.9,452,145.3,17.5
"2020/8/28",3768,42.97,45.05,555.5,119.1597908,-13.1,26.56,-441.071914,0.606456293,0.77505368,176.5486726,-113.33,166.67,-268.33,-213.33,210,191.67,91.2,75.1,82.6,43.3,79,75,5.6,19,30.6,16.7,463,145.4,17.3
"2020/9/4",3893,39.77,42.66,558.5,12.28628178,-21.3,164.1,-564.3912202,0.62879942,0.80303777,170.7964602,-88.105,191.895,-313.105,-318.105,205,281.895,92.5,75.1,82.7,43.3,79,75,3.4,19.3,30,16.8,483,140.9,17.4
"2020/9/11",3835,37.33,39.83,577.5,-12.91055456,-25.36,133.15,-774.5267385,0.639680812,0.80303777,50,-84.55,170.45,-324.55,-329.55,260,265.45,92.7,75.9,83.4,43.3,80,76,5.4,21.1,29.9,19,475,148.7,17.2
"2020/9/18",3828,41.11,43.15,590.5,-32.15346886,-35.92,119.06,-909.5109221,0.646572361,0.82503784,5.752212389,-153.58,76.42,-348.58,-398.58,180,236.42,92,75.9,83.5,43.3,80,76,6.3,20.6,28.7,19.4,471,140,17.1
"2020/9/25",3665,40.25,41.92,599.5,-78.02737193,-29.04,5.05,-1183.428163,0.674863983,0.844749903,-29.6460177,-49.2,120.8,-224.2,-244.2,185,320.8,91.8,75.6,83.1,43.3,82,79,7.6,19.1,26.9,18.3,458,135.2,17.3
"2020/9/28",3663,40.6,42.43,604.5,-61.89787082,-23.48,-27.39,-1180.64506,0.680667392,0.844749903,-31.19469027,-18.68,81.32,-98.68,-168.68,145,336.32,91.8,75.6,83.1,43.3,93,91,7.6,19.1,26.9,18.3,458,137.6,17.3
"2020/10/9",3700,40.6,42.85,612.5,-62.99321706,-27.44,-70.3,-1151.99638,0.66730326,0.829261854,13.05309735,1.825,1.825,66.825,-28.175,105,406.825,90.6,76,82.2,49.3,93,91,4.5,16.3,21,12.5,463,128.3,17.5
"2020/10/16",3842,40.88,42.93,624,23.81790284,-26.3,11.54,-772.5424096,0.627132038,0.809549791,138.4955752,-16.82,-36.82,58.18,-86.82,380,703.18,90.3,78.7,83.4,58.5,94,93,-1,12,11.6,9,481,130.2,17.3
"2020/10/23",3823,39.85,41.77,608,-17.85714578,-18.66,23.21,-637.8140417,0.627790583,0.82503784,3.097345133,17.945,62.945,132.945,-22.055,400,757.945,90.9,79.7,84,61.3,94,93,-4.2,13.1,12.4,9.8,481,127.6,16.9
"2020/10/30",3717,35.79,37.46,611,-59.63227033,-16.22,-112.01,-615.2323362,0.663351992,0.847213911,-85.39823009,120.18,90.18,145.18,-244.82,515,735.18,90.9,79.7,84,61.3,94,92,-1.8,14.2,14.2,11.1,470,122.6,17.1
"2020/11/6",3665,37.14,39.45,619.5,-157.478047,-20.56,-223.45,-678.6506318,0.693847625,0.817293815,-173.8938053,161.575,131.575,226.575,-58.425,550,766.575,90.7,79.4,83.6,62.2,94,91,-0.2,15.8,15,13.1,470,117,17
"2020/11/13",3610,40.13,42.78,617.5,-92.6519551,-13.48,-204.6,-1057.229725,0.668345553,0.880654018,-156.1946903,93.125,193.125,138.125,-21.875,445,728.125,90.4,79.4,83.6,62.2,94,91,-2.2,13.6,14.7,11.5,466,116.4,16.8
"2020/11/20",3785,42.15,44.96,619.5,-70.71267624,-23,11.45,-1416.642651,0.644756136,0.891214052,-178.3185841,-88.825,186.175,-168.825,-373.825,565,481.175,92.1,79.4,83.6,62.2,94,88,-2.5,15.5,15.1,13.5,490,115.1,16.4
"2020/11/27",3808,45.53,48.18,628.5,-83.74783912,-21.58,-36.14,-1391.028778,0.609690787,0.891214052,-94.24778761,-44.28,285.72,-134.28,-324.28,470,490.72,91.9,79.4,83.6,62.2,93,85,-3.2,12.3,13.4,11,492,109.9,16.04
"2020/12/4",3800,46.26,49.25,641.5,-139.2154412,-28.2978,241.7,-1426.419156,0.647151401,0.865095568,-67.69911504,-62.9,312.1,-247.9,-362.9,550,382.1,91.4,79.1,83.1,62.2,93,83,-5,11.7,15.6,9,494,107.4,16.1
"2020/12/11",3850,46.57,49.97,692.5,-57.58732698,-22.7,153.2,-1284.411191,0.647151401,0.885159633,73.89380531,-13.7,326.3,46.3,-148.7,525,396.3,91,79.1,83.1,62.2,94,86,-3.1,11.2,13.2,8,497,101.4,16.4
"2020/12/18",4050,49.1,52.26,727.5,-64.21671912,-28.82,235.2,-1167.08064,0.655964747,0.885159633,165.4867257,-48.95,231.05,186.05,-143.95,510,426.05,90.7,79.1,83.3,61.4,92,86,-3.4,11.7,12.5,7.7,522,97.6,16.2
"2020/12/25",4130,48.23,51.29,747.5,-53.34154988,-29.2,263.1,-1170.565867,0.613157066,0.85629554,103.539823,-124.375,175.625,160.625,-159.375,560,340.625,89.6,76.9,80.8,60.5,86,85,-1,13.2,11.7,10.3,535,83.5,16.5
"2021/1/8",4420,52.24,55.99,857.5,-150.7426596,-32.38,390.5,-1076.580376,0.652926369,0.903815692,289.8230088,-42.45,177.55,252.55,-247.45,555,557.55,91.7,80.8,85.3,63.3,90,79,-6,10.2,9.7,6.6,575,81.7,17.5
"2021/1/15",4552,52.36,55.1,972.5,-131.4249425,-14.74,298.96,-727.5306241,0.624606671,0.88445563,284.0707965,-32.395,187.605,257.605,-162.395,600,537.605,88.7,77.5,81.7,60.8,86,65,-4.4,10.7,10,7,588,73.7,17.5
"2021/1/21",4573,53.13,56.1,950,-207.4125677,-15.4,319.74,-448.8939445,0.621460038,0.909095709,213.2743363,-55.305,244.695,89.695,-185.305,760,594.695,88,74.2,80.4,50.3,68,46,-3,13.3,13,9.2,580,78.1,17.5
"2021/1/29",4778,52.2,55.88,817.5,-194.6514499,-19.64,688.44,-15.30814898,0.668659534,0.877767609,195.5752212,-199.555,120.445,-59.555,-464.555,655,390.445,82.5,65.9,74.2,35.5,26,24,-3.5,11.4,16.1,5.9,625,67.6,18.3
"2021/2/5",4783,56.85,59.34,707.5,-242.6802432,-10.1,993.64,135.0682483,0.734109503,0.833767468,461.0619469,-8.105,336.895,216.895,-13.105,495,506.895,82.2,62.9,73,23.5,15,8,-3.4,12.4,17.8,7.3,627,66.9,19.4
"2021/2/19",5355,59.24,62.91,647.5,-310.6115525,-19.8,1678,578.2214473,0.727816237,0.735911155,310.619469,62.75,487.75,407.75,162.75,455,997.75,84.5,74.5,74.5,27.7,24,18,-1.5,18.4,23.4,7.9,695,68.3,18.5
"2021/2/26",6350,61.5,66.13,577.5,-184.8851433,-12.12,2890.2,767.2122075,0.736626809,0.774103277,523.0088496,-4.225,565.775,510.775,365.775,385,910.775,88.6,71.7,79.6,40.2,71,56,-5.2,14.9,20.8,4.9,815,67,17.1
"2021/3/5",6180,66.09,69.36,607.5,-294.5160585,-2.88,2683.6,113.4305622,0.77753304,0.808071386,481.4159292,46.625,326.625,731.625,566.625,400,576.625,91.3,75.7,82,50.4,85,81,-3.3,17,20.8,7.5,783,68.6,16.2
"2021/3/12",5470,65.61,69.22,637.5,-272.5704189,0.04,1910.2,-535.5499931,0.755506608,0.824791439,701.7699115,224.4,794.4,1064.4,969.4,505,714.4,93.9,79.6,85,57.9,91,88,-1.9,18.2,21.4,9.4,698,64.2,15
"2021/3/19",5115,61.42,64.53,647.5,-172.988603,-0.36,1476.4,-373.9853099,0.747640025,0.862807561,776.1061947,246.5,821.5,1176.5,1111.5,450,691.5,94.2,81.4,85.4,65.5,95,88,-0.9,21.2,22.5,14.5,645,62.8,13.8
"2021/3/26",5108,60.97,64.57,697.5,-323.2037216,-5.92,1318.44,-346.7619743,0.742353682,0.914727727,743.3628319,137.32,612.32,927.32,812.32,455,392.32,92.6,81.5,85.6,65.5,95,90,-0.3,24.3,25.1,17,645,63.5,12.8
"2021/4/2",5205,60.35,63.72,742.5,-234.1153093,-12.24,1239.9,-331.634836,0.737875998,0.90311169,909.7345133,81.5,431.5,846.5,721.5,450,301.5,93.7,81.9,86,65.5,95,89,-2,23,25.5,16,658,58.8,12.5
"2021/4/9",5145,59.32,62.95,749.5,-243.4295178,-5.64,1168.6,-400.5631859,0.72529159,0.90311169,936.2831858,191.45,461.45,966.45,761.45,420,411.45,93.6,82,86.1,65.5,95,88,-1.1,24.3,26.5,18,648,55.6,12.3
"2021/4/16",5195,63.13,66.77,752.5,-250.3200744,-9.96,1214,-508.9962664,0.720073665,0.90311169,971.6814159,9.5,139.5,704.5,529.5,310,219.5,94.2,81.7,85.8,65.5,95,86,-2,22.4,26.7,14.8,650,54.2,12.7
"2021/4/23",4795,62.14,66.11,806.5,-243.3319915,-5.34,676.6,-872.766337,0.709023941,0.92493576,785.840708,-15.2,124.8,884.8,689.8,235,264.8,93.7,81.8,85.9,65.5,95,85,-0.5,21.5,26.6,13.9,613,57.6,12.7
"2021/4/30",4705,63.58,67.25,850,-118.7604831,-6.84,451.2,-1007.040206,0.731430325,0.92493576,883.1858407,-71.7,58.3,658.3,323.3,270,298.3,94.5,83.9,88.5,65.5,95,85,-1.8,20.5,26.4,12.4,608,54.3,12.4
"2021/5/7",4810,64.9,68.28,900,-73.71834412,-4.48,479.6,-965.5909056,0.703806016,0.931447781,936.2831858,-102.45,67.55,372.55,52.55,390,302.55,93.6,83,87.4,65.5,95,86,-0.8,23.8,28.4,16,623,56.4,12.2
"2021/5/14",4908,65.37,68.71,990,-212.4405909,1.64,158.64,-667.4012247,0.687906691,0.931447781,865.4867257,45.495,195.495,880.495,495.495,95,265.495,92.6,82.2,86.3,65.5,95,86,1,23.8,27.9,16.7,638,57.7,12.4
"2021/5/21",4953,63.58,66.44,920,-139.8452537,0.22,246.22,-460.0424546,0.662983425,0.91560773,821.2389381,-15.305,84.695,554.695,299.695,185,194.695,90.9,80.6,84.3,65.5,94,84,3.4,24.2,25.5,17.8,637,53.5,13
"2021/5/28",4982,66.32,69.63,880,-14.94657371,2.3,355.26,-234.5380886,0.646715777,0.86562357,965.4867257,-107.545,-57.545,212.455,67.455,405,22.455,92.5,82.2,86.3,65.5,94,83,4.8,24.4,25.4,14.1,648,52.6,14.1
"2021/6/4",5068,69.62,71.89,930,-28.15279067,5.32,543.94,-16.7833693,0.691265893,0.852705129,1031.858407,-74.18,-24.18,430.82,115.82,100,120.82,90.9,80.6,84.3,65.5,94,81,3.6,26,25.9,16.9,659,54,13.4
"2021/6/11",4870,70.91,72.69,940,-190.6953019,-3.54,348.4,79.38866874,0.691265893,0.877697209,965.4867257,-18.725,31.275,511.275,296.275,165,201.275,91,82.7,87,65.5,94,80,5,23.5,22.4,14.4,635,57.1,13.2
"2021/6/18",4845,71.64,73.51,980,-89.54476187,-0.24,277.5,244.2256401,0.660862355,0.865025168,1018.584071,-44.4,-4.4,430.6,330.6,220,140.6,93.4,84.4,89.1,65.5,94,79,4.1,24.2,21.6,14.9,628,59.2,12.6
"2021/6/25",5005,74.05,76.18,1030,-86.92430055,-3.42,339.2,256.4422411,0.619955777,0.877697209,1230.973451,-187.175,-137.175,122.825,77.825,305,67.825,92.8,84.3,89.1,64.8,94,77,1.9,22.8,19.1,12,645,59.6,12.1
"2021/7/2",5045,75.16,76.17,980,-31.1564457,-4.18,412.7,24.65922216,0.669317599,0.930391777,1175.221239,-137.75,-137.75,182.25,-87.75,255,-17.75,93.1,93.1,89.5,64.8,94,84,3.8,19.6,18.8,8.2,649,65.1,11.9
"2021/7/9",5015,74.56,75.55,990,-177.911295,-2.1,387.3,-113.3266806,0.675987686,0.90927171,1069.469027,-5.025,-105.025,584.975,244.975,295,164.975,93.5,85,90,64.8,94,84,3.8,20.4,18,8.5,648,68.3,11.8
"2021/7/16",5355,71.81,73.59,1030,-0.883163301,2.14,620.5,145.6744595,0.669317599,0.88111162,1135.840708,-133.7,-158.7,421.3,-8.7,295,-83.7,93.3,84.7,89.5,64.8,92,80,4.1,21,19.8,10,691,62.7,12.1
"2021/7/23",5450,72.07,74.1,1085,195.1824355,-1.06,601,286.3099107,0.669317599,0.922119751,1268.584071,-263.475,-38.475,226.525,-273.475,335,-178.475,92.5,85.3,90.2,65.3,93,85,5.5,21.2,18.6,9.3,696,57.8,12.6
"2021/7/30",5520,73.95,76.33,1120,275.5595256,12.72,590.1,380.4144063,0.694458697,0.856647541,1423.451327,-248.725,-298.725,-28.725,-423.725,400,-228.725,91.5,85.7,90.7,65.3,94,83,6.4,20.7,18.6,8.4,705,56.3,13.3
"2021/8/6",5472,68.28,70.7,1100,93.77985492,8.38,614.96,415.0230299,0.664556962,0.825671442,1312.831858,-199.47,-224.47,45.53,-289.47,390,-234.47,91.1,85.6,91.1,63.1,94,79,7.2,22.4,21.1,10.2,700,54.1,12.8
"2021/8/13",5230,68.44,70.59,1050,128.8775753,13.56,392.3,267.4858117,0.643797468,0.825671442,1303.982301,-72.825,-87.825,-47.825,-372.825,475,-202.825,89.9,85.7,91.3,63.1,94,74,8.2,24.4,23.9,12.2,667,51.9,12.6
"2021/8/20",4990,62.32,65.18,1050,20.79447121,1.84,47.4,16.17290366,0.684810127,0.856999542,1069.469027,67.475,167.475,142.475,-132.525,390,82.475,86.2,79.9,85.5,57,91,67,8.3,26.4,25.3,14.9,638,53.8,13.9
"2021/8/27",5088,68.74,72.7,1125,-145.9371383,-8.0222,109.34,-26.11398609,0.65443038,0.856999542,1025.221239,-23.905,76.095,81.095,-98.905,445,-33.905,87.7,81.1,87.1,57,89,68,7.9,27.6,27.1,17,655,58.6,14.5
"2021/9/3",5235,69.29,72.61,1180,-144.7847104,-7.02,121.5,-92.02857417,0.651898734,0.880759618,1030.973451,-37.65,62.35,92.35,-62.65,250,62.35,86.6,78.8,85.2,53,87,67,6.3,24.4,26.1,14.2,675,58.3,14.4
"2021/9/10",5368,69.72,72.92,1240,-215.2199468,-10.42,143.04,-210.3084925,0.660506329,0.880759618,986.7256637,-29.605,70.395,225.395,-104.605,170,90.395,87.7,78.9,85.4,53,87,67,7.5,23.6,24.5,13.4,691,55.2,14.3
"2021/9/17",5560,71.97,75.34,1540,-149.4563385,-12.58,-266.9,-120.4866904,0.633164557,0.906631701,1119.469027,-106.375,-6.375,18.625,-206.375,230,43.625,86,77.8,84.1,52.2,85,62,6.5,24.6,23.2,13.9,715,58.9,13.7
"2021/9/24",5685,73.98,78.09,1560,-42.8586823,-4.395,-389.5,-84.7578297,0.623544304,0.906631701,1163.716814,-205.125,94.875,-160.125,-395.125,210,-135.125,83.6,721,78.8,44.9,69,48,5.5,25.9,23.4,17.2,716,51.6,14.4
"2021/9/30",6300,75.17,78.37,1750,81.94457714,8.144,-353,469.2237014,0.560253165,0.906631701,1234.955752,-139.775,190.225,35.225,-154.775,435,45.225,81.1,68.7,75.7,40.1,40,45,5.6,22,16.9,11.9,778,52.6,16
"2021/10/8",6525,79.35,82.39,2000,160.837337,5.342,-583.8,775.8867637,0.619804401,0.933031786,1400.442478,-175.925,274.075,24.075,-275.925,400,109.075,81.6,70,77.2,41,61,66,5,22.3,13.2,12.7,835,49.8,15.2
"2021/10/14",6557,81.31,84,2350,63.39956153,6.68,-1392.94,654.238087,0.643276284,0.908391707,1383.185841,-28.095,521.905,691.905,336.905,655,391.905,81.7,69.3,76.3,41,56,60,5.2,22.5,10.3,12.7,887,52.3,15.2
"2021/10/22",6295,83.76,85.53,2350,153.9943448,14.6,-2108.6,296.3470426,0.62606357,0.908391707,1300.884956,75.4,605.4,1060.4,655.4,825,305.4,82.9,70.6,78,40.7,55,65,6.6,23.3,8.3,14.7,815,55,14.5
"2021/10/29",5640,83.57,84.38,1300,-24.47279763,13.84,-166.1,-286.5336569,0.625476773,0.908391707,929.2035398,92.85,737.85,972.85,657.85,920,272.85,84.2,71.5,77.7,46.9,68,73,7.8,24.8,12.9,15.7,725,60.6,14.4
"2021/11/5",5480,81.27,82.74,1120,-107.6702113,11.38,-24.5,-327.2963223,0.62400978,0.938311803,830.0884956,66.8,791.8,751.8,371.8,860,276.8,84.6,72.2,78.5,46.9,79,82,7.9,27.3,15.3,19.6,710,59,13.4
"2021/11/12",5230,80.79,82.17,1100,-141.1592653,11.48,-137.4,-479.4907356,0.594376528,0.938311803,825.6637168,107.075,737.075,652.075,347.075,780,247.075,85.4,72.9,78.5,49.9,74,70,8.7,28.9,18.6,21,683,63.8,13
"2021/11/19",5053,75.94,78.89,1100,-180.8214087,6.76,-147.06,-597.3272844,0.637652812,0.938311803,775.2212389,77.595,977.595,512.595,292.595,675,207.595,87.8,76.9,83.3,50.7,82,70,6,29,20.1,21.6,660,60.1,13.3
"2021/11/26",5127,68.15,72.72,1100,18.55096224,28.44,-32.64,-510.6183154,0.588264059,0.944295822,869.4690265,124.18,1124.18,339.18,-10.82,490,319.18,87.7,75.7,81.6,51.7,72,58,1.4,26.1,19.5,19.2,668,56.6,13.2
"2021/12/3",4835,68.14,71.41,1100,-123.063155,18.42,-330.1,-580.9354105,0.573493976,0.883047626,559.7345133,222.55,1302.55,517.55,122.55,430,412.55,85,72.9,77.1,55.6,81,64,3,27,22.4,21.2,632,59.9,13.8
"2021/12/10",4855,71.67,75.15,1100,62.26856871,22.2,-236.8,-558.4412363,0.548915663,0.883047626,715.9292035,109.275,1189.275,229.275,-135.725,305,274.275,84.8,72.8,76.8,56.1,80,64,3.2,24.1,22,19.8,640,63.7,13.5
"2021/12/17",4985,70.86,73.52,1060,16.40572494,18.9,-16.2,-424.9078228,0.602409639,0.923527755,724.7787611,97.1,1267.1,127.1,-182.9,330,337.1,83.7,71.8,75.8,55.6,73,59,4,23.5,21.5,19.6,653,64.3,14.5
"2021/12/24",4852,73.79,76.14,920,38.60671495,16.74,86.26,-436.445638,0.641445783,0.898887676,764.6017699,58.405,1258.405,8.405,-336.595,320,253.405,84.5,72.3,76.5,55.1,74,59,3.7,21.8,21,18.8,635,72.3,15.2
"2021/12/31",4882,75.21,77.78,800,16.00917842,17.32,588.46,-410.8221526,0.640963855,0.883223626,819.4690265,86.555,1286.555,26.555,-288.445,355,176.555,84,72.3,76.5,54.9,73,56,3.4,20.1,16.4,17.8,638,68.5,16.2
"2022/1/7",5140,78.9,81.75,870,60.14707846,12.62,541.3,96.98851886,0.590453461,0.883223626,923.0088496,7.825,1027.825,-72.175,-357.175,360,112.825,85.4,71.6,76.2,53,71,52,4,18.1,15,14,675,70.9,16.4
"2022/1/14",5285,82.56,85.57,960,68.30320879,15.08,499.975,349.6725706,0.537470167,0.900471682,1023.451327,48.025,1148.025,-101.975,-176.975,605,168.025,87.5,73.7,79.9,48.2,67,32,5,20.8,16.9,15,695,72.4,16.8
"2022/1/21",5170,85.14,87.89,1100,-42.24370823,16.78,116.45,246.1058287,0.588544153,0.890263649,961.5044248,102.05,1322.05,342.05,107.05,400,332.05,86.7,68.6,78.5,28.6,26,6,7,21.3,20,13.3,682,67.9,17.4
"2022/1/28",5370,86.82,90.03,1180,-26.80856064,13.78,176.9,160.8572615,0.611455847,0.914903728,1017.699115,-80.075,819.925,84.925,-245.075,320,224.925,83.2,66.5,76,28,4,1,9.1,22.3,20.7,15.1,710,67.4,17.2
"2022/2/11",5125,93.1,94.44,1130,-117.928216,17.1,-3.775,-784.1115184,0.739407745,0.819511422,1116.814159,111.575,886.575,266.575,61.575,335,226.575,85.2,69,78.1,32.3,32,31,14.2,29,29.4,24.7,682,78.7,16.2
"2022/2/18",4945,91.07,93.54,1000,-340.4249734,6.72,-7.325,-1080.534613,0.71070615,0.851191524,801.3274336,115.55,790.55,485.55,265.55,285,280.55,89.8,76.5,82.6,51.6,67,50,14.3,30.9,31.7,27.6,655,82.3,15.9
"2022/2/25",4960,91.59,97.93,900,-176.275079,1.74,289.3,-1108.727933,0.698861048,0.860783555,1032.743363,-43.575,626.425,121.425,-38.575,265,171.425,91.9,80.2,86.4,55.1,81,72,10.2,29,30,25.9,660,88.9,15.9
"2022/3/4",5325,115.68,118.11,1450,-332.7794091,-15.86,-261.925,-924.358448,0.693849658,0.874159597,1289.380531,-187.925,542.075,-222.925,-392.925,435,52.075,92.9,81.4,87,58.7,82,73,9.7,25.6,26.6,22,710,94.5,16.4
"2022/3/11",5285,109.33,112.67,1600,-521.758854,-19.62,-806.275,-1377.682925,0.690205011,0.858601148,1199.557522,-206.7,618.3,123.3,-6.7,365,13.3,93.3,82.3,87.9,59.7,90,76,10.9,25.8,26.8,22.9,710,97,16.4
"2022/3/18",5167,104.7,107.93,1450,-275.2385279,20.82,-798.605,-1403.175995,0.701138952,0.833045866,1156.637168,-148.195,681.805,-163.195,-193.195,450,-128.195,94,84.4,90.5,59.7,87,70,10.7,26.2,28.1,26.2,700,95.9,15.5
"2022/3/25",5090,110.5,113.75,1520,-215.4999029,33.1,-906.4,-1611.41451,0.676537585,0.819933824,1360.176991,-140.35,639.65,-255.35,-440.35,345,-200.35,93.1,83.4,89.3,59.2,86,63,12.3,26.9,31.6,27.8,678,97.7,14.6
"2022/4/1",5042,99,103.2,1285,-85.65932174,40.72,-556.48,-1742.129172,0.665375854,0.818173818,1271.681416,-83.195,616.805,-323.195,-333.195,345,-153.195,91.8,81.4,87.3,57,82,60,12.8,26.2,32,26.8,669,96.4,14.1
"2022/4/8",5020,95.94,100.21,1270,-107.7060508,33.74,-464.75,-1528.790761,0.648291572,0.80937379,1271.681416,-80.1,419.9,-565.1,-395.1,475,-95.1,88,78.2,84.4,52.3,70,37,12.6,31.1,36,30,662,100.2,13
"2022/4/15",4830,106.95,111.7,1185,-192.6235978,18.66,-419.35,-1594.48929,0.653758542,0.795997747,1360.176991,-19.05,580.95,-324.05,-334.05,210,-54.05,79.6,66.7,72.2,43.6,53,37,12.8,29.8,36.6,31.2,639,108.6,13.9
"2022/4/22",4920,101.61,106,1160,-136.8945626,28.28,-239.95,-1437.849171,0.634624146,0.801524165,1404.424779,-71.875,478.125,-376.875,-271.875,230,-106.875,79.9,66.2,71.1,46,60,55,12.8,30.8,36.4,32.3,645,108.7,14.2
"2022/4/29",4805,105.8,108.17,1170,-129.3681946,31.58,-347.925,-1468.72934,0.630068337,0.799764159,1326.548673,-115.225,409.775,-745.225,-715.225,330,-85.225,79.3,65.4,70.2,45.5,66,59,10.4,26.8,33.1,25.8,615,117.3,14.5
"2022/5/6",4900,110.27,112.99,1200,-48.44879977,24.32,-302.65,-1170.323059,0.577676538,0.802932169,1481.415929,-100.3,499.7,-385.3,-300.3,55,119.7,80.5,65.4,70.2,45.5,72,58,10.1,27.5,32.5,26.5,623,117.5,14.5
"2022/5/13",5015,110.42,111.49,1250,-472.6094857,-1.4,-379.625,-954.173692,0.593621868,0.782727305,1636.283186,-126.275,598.725,-361.275,-501.275,30,83.725,81.2,67,71.9,46.8,78,63,10,27,33,27.8,621,118.3,14.8
"2022/5/20",4877,109.44,109.55,1265,-451.1001865,1.67,-534.205,-908.4335909,0.583143508,0.783079306,1724.778761,-9.97,715.03,-189.97,-234.97,80,25.03,81.9,68.4,73.4,47.4,75,59,9.5,27.7,35.7,29.7,608,118.5,15.5
"2022/5/27",4783,114.4,114.4,1245,-292.8725889,13.7678,-600.445,-841.9096717,0.575854214,0.797159351,1674.778761,-25.505,674.495,-190.505,-300.505,130,-15.505,83.1,68,73,47.4,64,52,9.8,27,35.6,29,601,120.6,15.6
"2022/6/3",4920,120.26,121.27,1300,-688.8914779,-32.98,-544.75,-630.3090452,0.59602649,0.772484072,1741.150442,59.175,759.175,59.175,-140.825,-35,24.175,84,67.5,72.2,47.9,55,48,10.1,26.6,34,27.4,622,118.7,14.8
"2022/6/10",5122,121.37,122.95,1350,-22.48629943,32.42,-550.08,-279.8167192,0.593377483,0.795716146,2234.070796,-159.295,470.705,-209.295,-379.295,-110,-14.295,85.5,69.3,73.2,53,71,61,10.3,25.3,32.9,26.7,645,117,14.3
"2022/6/17",5097,116.02,117.58,1330,-28.11115894,32,-588.105,-213.079379,0.573068433,0.805924179,1806.637168,-20.745,579.255,19.255,-170.745,-70,104.255,84,69.3,73,53.7,68,59,11.1,28.1,36.1,30.4,639,117.8,14.4
"2022/6/24",4450,105.13,107.13,1235,-102.3844,15,-1051.6,-756.0728355,0.562472406,0.821588229,1496.902655,119.6,519.6,149.6,34.6,-155,189.6,84.2,70.2,74.1,53.7,60,56,11.7,30.6,38.6,33.1,558,123.5,14.3
"2022/7/1",4313,108.25,111.787,1265,-150.9901965,26.3378,-1202.595,-775.729551,0.541721854,0.803509451,1458.40708,257.87,707.87,27.87,142.87,5,377.87,81.9,67.1,71,50.6,53,52,9.8,28,37.5,30.3,542,125.1,14.3
"2022/7/8",4417,101.8,104.03,1240,-7.467604372,27.62,-1049.155,-598.8000017,0.557174393,0.780418177,1292.920354,-111.17,663.83,-336.17,-196.17,40,163.83,79.5,61.9,66.1,46.4,50,50,9.4,29,35.7,33.4,556,123.7,15.7
"2022/7/15",4190,93.03,99.73,1260,-132.7491491,26.14,-1254.5,-638.8810319,0.558057395,0.761410117,894.6902655,357.05,1457.05,52.05,122.05,160,577.05,76.8,59,62.6,43.8,47,51,10.9,29.6,36.1,33.3,523,118.9,17.1
"2022/7/22",4220,96.32,104.12,1230,-353.5955784,8.52,-1168.6,-656.4544447,0.525827815,0.761410117,1111.061947,345.05,1470.05,135.05,145.05,20,400.05,78,59.3,63.1,43.5,63,53,9.8,26.6,33.5,28.5,522,116,17.6
"2022/7/29",4393,98.4,103.8,1170,-214.2395509,10.3578,-851.795,-401.8011406,0.471523179,0.761410117,1265.929204,162.845,1262.845,12.845,52.845,40,107.845,79,61.5,64.9,47.4,66,55,10.4,24.8,32.1,25.8,545,116.4,17.3
"2022/8/5",4065,88.78,94.52,1145,-111.645876,20.02,-1084.875,-662.2258689,0.467549669,0.750674082,1115.486726,312.2,1532.2,217.2,217.2,75,272.2,81.1,63.2,66.9,47.8,66,53,11.6,26.5,33.4,27.5,504,124.8,17.1
"2022/8/12",4115,94.55,100.14,1150,-83.01376558,16.08,-1056.225,-481.1034755,0.467108168,0.750674082,1133.185841,33.3,1383.3,-76.7,-101.7,85,-6.7,82.3,64.4,68.7,46.4,42,39,12.1,27.5,32.2,29.1,510,118,17.6
"2022/8/19",3870,89.23,94.89,1165,-90.95089622,22.1,-1404.95,-760.8839995,0.489183223,0.747154071,976.9911504,162.1,1212.1,202.1,197.1,135,67.1,81.2,64,68.8,44.4,47,44,13.1,29.7,32,31.5,485,119.7,16.9
"2022/8/26",3967,93.33,99.29,1225,79.4349158,24.46,-1482.855,-864.5537796,0.516335541,0.741715653,971.2389381,-12.77,1467.23,47.23,32.23,140,-17.77,82,64.3,68.9,45,62,55,12.3,26.4,32.2,27.6,486,111.3,17.3
"2022/9/2",3967,88.72,94.53,1310,284.7846398,26.0156,-1754.305,-1404.250074,0.514925373,0.666739414,800.4424779,-152.62,1107.38,-82.62,-82.62,210,-212.62,84,68.8,72.8,52,77,66,13.6,24.8,31.4,25.5,482,106.8,16.7
"2022/9/9",4340,86.1,92.4,1381,309.5915035,28.2022,-1578.4,-1155.108202,0.56098081,0.696307508,950.8849558,-261.475,688.525,-126.475,-81.475,190,-191.475,83.3,69.1,73.1,52.2,82,70,13.8,25.5,30.4,28.4,524,96.8,16.7
"2022/9/16",4320,84.4,90.7,1450,349.1977982,17.1,-1696.2,-1053.317168,0.467164179,0.666563413,953.9823009,-250.35,552.65,-125.35,-110.35,210,-200.35,84.3,70.9,75.1,53.6,76,71,13.6,26.9,30.7,29.9,518,91.1,15.3
"2022/9/23",4300,81.78,87.8,1510,387.8283656,14.36,-1846.4,-793.7244048,0.442004264,0.666563413,953.9823009,-269.3,313.7,-269.3,-224.3,230,-189.3,83.9,69.8,73.6,53.6,77,69,13.6,28.5,32.8,31.7,512,90,15.7
"2022/9/30",4228,79.49,87.96,1541,-161.7632454,12.76,-2032.02,-697.904343,0.511513859,0.669203421,1005.309735,50.37,410.37,-219.63,-149.63,220,70.37,83.4,70.3,74.3,53.3,76,68,10.4,27.6,31.8,28.3,500,82.2,15.5
"2022/10/14",4045,87,92.14,1594,-250.2536777,14.36,-2288.625,-932.1266403,0.593176972,0.722672393,905.3097345,227.1,346.1,57.1,192.1,175,482.1,83.6,69.2,72.8,53.7,72,74,13.3,29,31.9,30,475,89.2,15.7
"2022/10/21",4045,84.2,90.3,1630,27.93522282,31.9772,-2367.875,-983.9188115,0.600852878,0.707008342,897.7876106,145,-48,-185,-50,205,265,84.1,69.4,73.1,53.7,74,74,12.3,28.8,31.5,31.1,471,92.3,14.9
"2022/10/28",3818,87.89,94,1620,-119.7020196,30.74,-2579.62,-1239.89651,0.57228145,0.677440248,823.8938053,376.02,43.02,-38.98,66.02,185,481.02,84.1,69.2,73,53.5,71,66,12.9,29.8,32.1,31.2,447,83.4,14.7
"2022/11/4",3937,90.8,97,1574,-541.1756388,5.5328,-2389.055,-1216.600198,0.564033264,0.702080327,620.3539823,127.53,54.53,-622.47,-262.47,410,427.53,82,65.5,69.3,49.6,63,56,11,27.7,30.8,26.8,455,84,15.1
